data_status	track	organism	dataset	year	n_genes	n_features	gaf_annotation_rows	positive_rate	density	previous_year_gene_jaccard
synthetic_mock_not_results	fixed_2025_is_a	fish	fish-2010	2010	5400	4510	83700	0.1800	0.0034	
synthetic_mock_not_results	fixed_2025_is_a	fish	fish-2011	2011	5673	4711	92469	0.1927	0.0035	0.9555411357075855
synthetic_mock_not_results	fixed_2025_is_a	fish	fish-2012	2012	5894	4852	100787	0.1980	0.0035	0.9482161636789521
synthetic_mock_not_results	fixed_2025_is_a	fish	fish-2013	2013	6026	4954	107865	0.1929	0.0036	0.9517251964199447
synthetic_mock_not_results	fixed_2025_is_a	fish	fish-2014	2014	6067	5045	113452	0.1804	0.0037	0.9571579545887717
synthetic_mock_not_results	fixed_2025_is_a	fish	fish-2015	2015	6048	5157	117936	0.1676	0.0038	0.9486540690418075
synthetic_mock_not_results	fixed_2025_is_a	fish	fish-2016	2016	6021	5315	122226	0.1620	0.0038	0.950581580093364
synthetic_mock_not_results	fixed_2025_is_a	fish	fish-2017	2017	6040	5538	127444	0.1668	0.0038	0.9588316570281872
synthetic_mock_not_results	fixed_2025_is_a	fish	fish-2018	2018	6143	5827	134531	0.1792	0.0038	0.9493190632899334
synthetic_mock_not_results	fixed_2025_is_a	fish	fish-2019	2019	6339	6171	143895	0.1921	0.0037	0.9496264735052515
synthetic_mock_not_results	fixed_2025_is_a	fish	fish-2020	2020	6602	6546	155147	0.1980	0.0036	0.9594712561398729
synthetic_mock_not_results	fixed_2025_is_a	fish	fish-2021	2021	6882	6921	167232	0.1935	0.0035	0.9501978365589321
synthetic_mock_not_results	fixed_2025_is_a	fish	fish-2022	2022	7123	7268	178787	0.1812	0.0035	0.9488789931204622
synthetic_mock_not_results	fixed_2025_is_a	fish	fish-2023	2023	7284	7560	188655	0.1682	0.0034	0.9577847521198884
synthetic_mock_not_results	fixed_2025_is_a	fish	fish-2024	2024	7351	7786	196271	0.1621	0.0034	0.9512728001958497
synthetic_mock_not_results	fixed_2025_is_a	fish	fish-2025	2025	7345	7948	201987	0.1663	0.0035	0.9483540997639798
synthetic_mock_not_results	fixed_2025_is_a	fly	fly-2010	2010	10518	5267	180909	0.2551	0.0033	
synthetic_mock_not_results	fixed_2025_is_a	fly	fly-2011	2011	10684	5366	192312	0.2576	0.0034	0.9482161636789521
synthetic_mock_not_results	fixed_2025_is_a	fly	fly-2012	2012	10757	5458	202231	0.2499	0.0034	0.9517251964199447
synthetic_mock_not_results	fixed_2025_is_a	fly	fly-2013	2013	10754	5574	210778	0.2365	0.0035	0.9571579545887717
synthetic_mock_not_results	fixed_2025_is_a	fly	fly-2014	2014	10723	5740	218749	0.2251	0.0036	0.9486540690418075
synthetic_mock_not_results	fixed_2025_is_a	fly	fly-2015	2015	10719	5971	227242	0.2223	0.0036	0.950581580093364
synthetic_mock_not_results	fixed_2025_is_a	fly	fly-2016	2016	10790	6268	237380	0.2298	0.0035	0.9588316570281872
synthetic_mock_not_results	fixed_2025_is_a	fly	fly-2017	2017	10954	6617	249751	0.2432	0.0034	0.9493190632899334
synthetic_mock_not_results	fixed_2025_is_a	fly	fly-2018	2018	11197	6994	264249	0.2547	0.0034	0.9496264735052515
synthetic_mock_not_results	fixed_2025_is_a	fly	fly-2019	2019	11478	7368	280063	0.2578	0.0033	0.9594712561398729
synthetic_mock_not_results	fixed_2025_is_a	fly	fly-2020	2020	11739	7708	295822	0.2505	0.0033	0.9501978365589321
synthetic_mock_not_results	fixed_2025_is_a	fly	fly-2021	2021	11932	7993	310232	0.2372	0.0033	0.9488789931204622
synthetic_mock_not_results	fixed_2025_is_a	fly	fly-2022	2022	12032	8210	322457	0.2255	0.0033	0.9577847521198884
synthetic_mock_not_results	fixed_2025_is_a	fly	fly-2023	2023	12048	8364	332524	0.2222	0.0033	0.9512728001958497
synthetic_mock_not_results	fixed_2025_is_a	fly	fly-2024	2024	12020	8473	341368	0.2292	0.0034	0.9483540997639798
synthetic_mock_not_results	fixed_2025_is_a	fly	fly-2025	2025	12002	8564	350458	0.2424	0.0034	0.9561425863012861
synthetic_mock_not_results	fixed_2025_is_a	mouse	mouse-2010	2010	7436	5770	140540	0.3264	0.0033	
synthetic_mock_not_results	fixed_2025_is_a	mouse	mouse-2011	2011	7456	5892	146883	0.3164	0.0033	0.9517251964199447
synthetic_mock_not_results	fixed_2025_is_a	mouse	mouse-2012	2012	7429	6066	152294	0.3027	0.0034	0.9571579545887717
synthetic_mock_not_results	fixed_2025_is_a	mouse	mouse-2013	2013	7409	6306	157811	0.2932	0.0034	0.9486540690418075
synthetic_mock_not_results	fixed_2025_is_a	mouse	mouse-2014	2014	7449	6610	164622	0.2935	0.0033	0.950581580093364
synthetic_mock_not_results	fixed_2025_is_a	mouse	mouse-2015	2015	7579	6965	173559	0.3033	0.0033	0.9588316570281872
synthetic_mock_not_results	fixed_2025_is_a	mouse	mouse-2016	2016	7798	7343	184812	0.3170	0.0032	0.9493190632899334
synthetic_mock_not_results	fixed_2025_is_a	mouse	mouse-2017	2017	8071	7714	197739	0.3266	0.0032	0.9496264735052515
synthetic_mock_not_results	fixed_2025_is_a	mouse	mouse-2018	2018	8346	8048	211153	0.3267	0.0031	0.9594712561398729
synthetic_mock_not_results	fixed_2025_is_a	mouse	mouse-2019	2019	8567	8324	223598	0.3171	0.0031	0.9501978365589321
synthetic_mock_not_results	fixed_2025_is_a	mouse	mouse-2020	2020	8702	8533	234083	0.3034	0.0032	0.9488789931204622
synthetic_mock_not_results	fixed_2025_is_a	mouse	mouse-2021	2021	8745	8680	242236	0.2935	0.0032	0.9577847521198884
synthetic_mock_not_results	fixed_2025_is_a	mouse	mouse-2022	2022	8727	8785	248719	0.2932	0.0032	0.9512728001958497
synthetic_mock_not_results	fixed_2025_is_a	mouse	mouse-2023	2023	8699	8876	254880	0.3026	0.0033	0.9483540997639798
synthetic_mock_not_results	fixed_2025_is_a	mouse	mouse-2024	2024	8716	8984	262351	0.3162	0.0034	0.9561425863012861
synthetic_mock_not_results	fixed_2025_is_a	mouse	mouse-2025	2025	8818	9136	272476	0.3263	0.0034	0.9525224387961846
synthetic_mock_not_results	fixed_2025_is_a	worm	worm-2010	2010	13536	4493	278841	0.2125	0.0046	
synthetic_mock_not_results	fixed_2025_is_a	worm	worm-2011	2011	13507	4741	289049	0.1993	0.0045	0.9571579545887717
synthetic_mock_not_results	fixed_2025_is_a	worm	worm-2012	2012	13520	5053	300144	0.1922	0.0044	0.9486540690418075
synthetic_mock_not_results	fixed_2025_is_a	worm	worm-2013	2013	13616	5412	313168	0.1954	0.0042	0.950581580093364
synthetic_mock_not_results	fixed_2025_is_a	worm	worm-2014	2014	13805	5791	328558	0.2071	0.0041	0.9588316570281872
synthetic_mock_not_results	fixed_2025_is_a	worm	worm-2015	2015	14064	6159	345974	0.2204	0.0040	0.9493190632899334
synthetic_mock_not_results	fixed_2025_is_a	worm	worm-2016	2016	14345	6487	364363	0.2277	0.0039	0.9496264735052515
synthetic_mock_not_results	fixed_2025_is_a	worm	worm-2017	2017	14591	6754	382284	0.2248	0.0039	0.9594712561398729
synthetic_mock_not_results	fixed_2025_is_a	worm	worm-2018	2018	14759	6955	398493	0.2133	0.0039	0.9501978365589321
synthetic_mock_not_results	fixed_2025_is_a	worm	worm-2019	2019	14834	7096	412385	0.1999	0.0039	0.9488789931204622
synthetic_mock_not_results	fixed_2025_is_a	worm	worm-2020	2020	14832	7197	424195	0.1923	0.0040	0.9577847521198884
synthetic_mock_not_results	fixed_2025_is_a	worm	worm-2021	2021	14801	7288	435149	0.1950	0.0040	0.9512728001958497
synthetic_mock_not_results	fixed_2025_is_a	worm	worm-2022	2022	14797	7400	446869	0.2063	0.0041	0.9483540997639798
synthetic_mock_not_results	fixed_2025_is_a	worm	worm-2023	2023	14865	7560	460815	0.2198	0.0041	0.9561425863012861
synthetic_mock_not_results	fixed_2025_is_a	worm	worm-2024	2024	15027	7783	477858	0.2276	0.0041	0.9525224387961846
synthetic_mock_not_results	fixed_2025_is_a	worm	worm-2025	2025	15269	8073	497769	0.2252	0.0040	0.9480622991799029
synthetic_mock_not_results	fixed_2025_is_a	yeast	yeast-2010	2010	4503	3697	100416	0.1464	0.0060	
synthetic_mock_not_results	fixed_2025_is_a	yeast	yeast-2011	2011	4566	4060	105474	0.1420	0.0057	0.9486540690418075
synthetic_mock_not_results	fixed_2025_is_a	yeast	yeast-2012	2012	4722	4439	112855	0.1481	0.0054	0.950581580093364
synthetic_mock_not_results	fixed_2025_is_a	yeast	yeast-2013	2013	4961	4804	122536	0.1610	0.0051	0.9588316570281872
synthetic_mock_not_results	fixed_2025_is_a	yeast	yeast-2014	2014	5240	5125	133620	0.1734	0.0050	0.9493190632899334
synthetic_mock_not_results	fixed_2025_is_a	yeast	yeast-2015	2015	5505	5384	144781	0.1780	0.0049	0.9496264735052515
synthetic_mock_not_results	fixed_2025_is_a	yeast	yeast-2016	2016	5705	5576	154605	0.1722	0.0049	0.9594712561398729
synthetic_mock_not_results	fixed_2025_is_a	yeast	yeast-2017	2017	5812	5710	162154	0.1594	0.0049	0.9501978365589321
synthetic_mock_not_results	fixed_2025_is_a	yeast	yeast-2018	2018	5834	5809	167435	0.1469	0.0049	0.9488789931204622
synthetic_mock_not_results	fixed_2025_is_a	yeast	yeast-2019	2019	5808	5901	171336	0.1420	0.0050	0.9577847521198884
synthetic_mock_not_results	fixed_2025_is_a	yeast	yeast-2020	2020	5787	6017	175346	0.1475	0.0050	0.9512728001958497
synthetic_mock_not_results	fixed_2025_is_a	yeast	yeast-2021	2021	5825	6185	181157	0.1602	0.0050	0.9483540997639798
synthetic_mock_not_results	fixed_2025_is_a	yeast	yeast-2022	2022	5953	6417	189900	0.1728	0.0050	0.9561425863012861
synthetic_mock_not_results	fixed_2025_is_a	yeast	yeast-2023	2023	6170	6714	201758	0.1780	0.0049	0.9525224387961846
synthetic_mock_not_results	fixed_2025_is_a	yeast	yeast-2024	2024	6443	7064	215840	0.1728	0.0047	0.9480622991799029
synthetic_mock_not_results	fixed_2025_is_a	yeast	yeast-2025	2025	6718	7441	230427	0.1601	0.0046	0.9545776266440905
