data_status	track	organism	panel	dataset	year	model	n_folds	n_repeats	average_precision_mean	average_precision_sd	average_precision_ci95_low	average_precision_ci95_high	mcc_mean	balanced_accuracy_mean	lethal_f1_mean	fit_warnings
synthetic_mock_not_results	primary	fish	full	fish-2015	2015	dt	5	5	0.5610	0.0155	0.5270	0.5950	0.2760	0.6118	0.4660	0
synthetic_mock_not_results	primary	fish	full	fish-2015	2015	rf	5	5	0.6560	0.0118	0.6300	0.6820	0.3710	0.6622	0.5610	0
synthetic_mock_not_results	primary	fish	full	fish-2015	2015	gb	5	5	0.6571	0.0136	0.6271	0.6871	0.3721	0.6628	0.5621	0
synthetic_mock_not_results	primary	fish	full	fish-2015	2015	lr	5	5	0.6486	0.0155	0.6146	0.6826	0.3636	0.6583	0.5536	0
synthetic_mock_not_results	primary	fish	full	fish-2015	2015	svm	5	5	0.6677	0.0118	0.6417	0.6937	0.3827	0.6684	0.5727	0
synthetic_mock_not_results	primary	fish	full	fish-2015	2015	nn	5	5	0.6819	0.0136	0.6519	0.7119	0.3969	0.6759	0.5869	1
synthetic_mock_not_results	primary	fish	matched_both	fish-2015	2015	dt	5	5	0.5830	0.0155	0.5490	0.6170	0.2980	0.6235	0.4880	0
synthetic_mock_not_results	primary	fish	matched_both	fish-2015	2015	rf	5	5	0.6780	0.0118	0.6520	0.7040	0.3930	0.6738	0.5830	0
synthetic_mock_not_results	primary	fish	matched_both	fish-2015	2015	gb	5	5	0.6791	0.0136	0.6491	0.7091	0.3941	0.6744	0.5841	0
synthetic_mock_not_results	primary	fish	matched_both	fish-2015	2015	lr	5	5	0.6706	0.0155	0.6366	0.7046	0.3856	0.6699	0.5756	0
synthetic_mock_not_results	primary	fish	matched_both	fish-2015	2015	svm	5	5	0.6897	0.0118	0.6637	0.7157	0.4047	0.6800	0.5947	0
synthetic_mock_not_results	primary	fish	matched_both	fish-2015	2015	nn	5	5	0.7039	0.0136	0.6739	0.7339	0.4189	0.6876	0.6089	1
synthetic_mock_not_results	primary	fish	full	fish-2016	2016	dt	5	5	0.5907	0.0118	0.5647	0.6167	0.3057	0.6276	0.4957	0
synthetic_mock_not_results	primary	fish	full	fish-2016	2016	rf	5	5	0.6816	0.0136	0.6516	0.7116	0.3966	0.6758	0.5866	0
synthetic_mock_not_results	primary	fish	full	fish-2016	2016	gb	5	5	0.6768	0.0155	0.6428	0.7108	0.3918	0.6732	0.5818	0
synthetic_mock_not_results	primary	fish	full	fish-2016	2016	lr	5	5	0.6610	0.0118	0.6350	0.6870	0.3760	0.6648	0.5660	0
synthetic_mock_not_results	primary	fish	full	fish-2016	2016	svm	5	5	0.6718	0.0136	0.6418	0.7018	0.3868	0.6706	0.5768	0
synthetic_mock_not_results	primary	fish	full	fish-2016	2016	nn	5	5	0.6775	0.0155	0.6435	0.7115	0.3925	0.6736	0.5825	0
synthetic_mock_not_results	primary	fish	matched_both	fish-2016	2016	dt	5	5	0.6127	0.0118	0.5867	0.6387	0.3277	0.6392	0.5177	0
synthetic_mock_not_results	primary	fish	matched_both	fish-2016	2016	rf	5	5	0.7036	0.0136	0.6736	0.7336	0.4186	0.6874	0.6086	0
synthetic_mock_not_results	primary	fish	matched_both	fish-2016	2016	gb	5	5	0.6988	0.0155	0.6648	0.7328	0.4138	0.6849	0.6038	0
synthetic_mock_not_results	primary	fish	matched_both	fish-2016	2016	lr	5	5	0.6830	0.0118	0.6570	0.7090	0.3980	0.6765	0.5880	0
synthetic_mock_not_results	primary	fish	matched_both	fish-2016	2016	svm	5	5	0.6938	0.0136	0.6638	0.7238	0.4088	0.6822	0.5988	0
synthetic_mock_not_results	primary	fish	matched_both	fish-2016	2016	nn	5	5	0.6995	0.0155	0.6655	0.7335	0.4145	0.6852	0.6045	0
synthetic_mock_not_results	primary	fish	full	fish-2017	2017	dt	5	5	0.6056	0.0136	0.5756	0.6356	0.3206	0.6355	0.5106	0
synthetic_mock_not_results	primary	fish	full	fish-2017	2017	rf	5	5	0.6886	0.0155	0.6546	0.7226	0.4036	0.6794	0.5936	0
synthetic_mock_not_results	primary	fish	full	fish-2017	2017	gb	5	5	0.6753	0.0118	0.6493	0.7013	0.3903	0.6724	0.5803	0
synthetic_mock_not_results	primary	fish	full	fish-2017	2017	lr	5	5	0.6510	0.0136	0.6210	0.6810	0.3660	0.6595	0.5560	0
synthetic_mock_not_results	primary	fish	full	fish-2017	2017	svm	5	5	0.6542	0.0155	0.6202	0.6882	0.3692	0.6612	0.5592	0
synthetic_mock_not_results	primary	fish	full	fish-2017	2017	nn	5	5	0.6535	0.0118	0.6275	0.6795	0.3685	0.6609	0.5585	0
synthetic_mock_not_results	primary	fish	matched_both	fish-2017	2017	dt	5	5	0.6276	0.0136	0.5976	0.6576	0.3426	0.6471	0.5326	0
synthetic_mock_not_results	primary	fish	matched_both	fish-2017	2017	rf	5	5	0.7106	0.0155	0.6766	0.7446	0.4256	0.6911	0.6156	0
synthetic_mock_not_results	primary	fish	matched_both	fish-2017	2017	gb	5	5	0.6973	0.0118	0.6713	0.7233	0.4123	0.6841	0.6023	0
synthetic_mock_not_results	primary	fish	matched_both	fish-2017	2017	lr	5	5	0.6730	0.0136	0.6430	0.7030	0.3880	0.6712	0.5780	0
synthetic_mock_not_results	primary	fish	matched_both	fish-2017	2017	svm	5	5	0.6762	0.0155	0.6422	0.7102	0.3912	0.6729	0.5812	0
synthetic_mock_not_results	primary	fish	matched_both	fish-2017	2017	nn	5	5	0.6755	0.0118	0.6495	0.7015	0.3905	0.6725	0.5805	0
synthetic_mock_not_results	primary	fish	full	fish-2018	2018	dt	5	5	0.6334	0.0155	0.5994	0.6674	0.3484	0.6502	0.5384	0
synthetic_mock_not_results	primary	fish	full	fish-2018	2018	rf	5	5	0.7084	0.0118	0.6824	0.7344	0.4234	0.6899	0.6134	0
synthetic_mock_not_results	primary	fish	full	fish-2018	2018	gb	5	5	0.6882	0.0136	0.6582	0.7182	0.4032	0.6793	0.5932	0
synthetic_mock_not_results	primary	fish	full	fish-2018	2018	lr	5	5	0.6587	0.0155	0.6247	0.6927	0.3737	0.6636	0.5637	0
synthetic_mock_not_results	primary	fish	full	fish-2018	2018	svm	5	5	0.6586	0.0118	0.6326	0.6846	0.3736	0.6635	0.5636	0
synthetic_mock_not_results	primary	fish	full	fish-2018	2018	nn	5	5	0.6568	0.0136	0.6268	0.6868	0.3718	0.6626	0.5618	0
synthetic_mock_not_results	primary	fish	matched_both	fish-2018	2018	dt	5	5	0.6554	0.0155	0.6214	0.6894	0.3704	0.6619	0.5604	0
synthetic_mock_not_results	primary	fish	matched_both	fish-2018	2018	rf	5	5	0.7304	0.0118	0.7044	0.7564	0.4454	0.7016	0.6354	0
synthetic_mock_not_results	primary	fish	matched_both	fish-2018	2018	gb	5	5	0.7102	0.0136	0.6802	0.7402	0.4252	0.6909	0.6152	0
synthetic_mock_not_results	primary	fish	matched_both	fish-2018	2018	lr	5	5	0.6807	0.0155	0.6467	0.7147	0.3957	0.6753	0.5857	0
synthetic_mock_not_results	primary	fish	matched_both	fish-2018	2018	svm	5	5	0.6806	0.0118	0.6546	0.7066	0.3956	0.6752	0.5856	0
synthetic_mock_not_results	primary	fish	matched_both	fish-2018	2018	nn	5	5	0.6788	0.0136	0.6488	0.7088	0.3938	0.6743	0.5838	0
synthetic_mock_not_results	primary	fish	full	fish-2019	2019	dt	5	5	0.5726	0.0118	0.5466	0.5986	0.2876	0.6180	0.4776	0
synthetic_mock_not_results	primary	fish	full	fish-2019	2019	rf	5	5	0.6436	0.0136	0.6136	0.6736	0.3586	0.6556	0.5486	0
synthetic_mock_not_results	primary	fish	full	fish-2019	2019	gb	5	5	0.6216	0.0155	0.5876	0.6556	0.3366	0.6440	0.5266	0
synthetic_mock_not_results	primary	fish	full	fish-2019	2019	lr	5	5	0.5925	0.0118	0.5665	0.6185	0.3075	0.6285	0.4975	0
synthetic_mock_not_results	primary	fish	full	fish-2019	2019	svm	5	5	0.5951	0.0136	0.5651	0.6251	0.3101	0.6299	0.5001	0
synthetic_mock_not_results	primary	fish	full	fish-2019	2019	nn	5	5	0.5981	0.0155	0.5641	0.6321	0.3131	0.6315	0.5031	0
synthetic_mock_not_results	primary	fish	matched_both	fish-2019	2019	dt	5	5	0.5946	0.0118	0.5686	0.6206	0.3096	0.6297	0.4996	0
synthetic_mock_not_results	primary	fish	matched_both	fish-2019	2019	rf	5	5	0.6656	0.0136	0.6356	0.6956	0.3806	0.6673	0.5706	0
synthetic_mock_not_results	primary	fish	matched_both	fish-2019	2019	gb	5	5	0.6436	0.0155	0.6096	0.6776	0.3586	0.6556	0.5486	0
synthetic_mock_not_results	primary	fish	matched_both	fish-2019	2019	lr	5	5	0.6145	0.0118	0.5885	0.6405	0.3295	0.6402	0.5195	0
synthetic_mock_not_results	primary	fish	matched_both	fish-2019	2019	svm	5	5	0.6171	0.0136	0.5871	0.6471	0.3321	0.6416	0.5221	0
synthetic_mock_not_results	primary	fish	matched_both	fish-2019	2019	nn	5	5	0.6201	0.0155	0.5861	0.6541	0.3351	0.6432	0.5251	0
synthetic_mock_not_results	primary	fish	full	fish-2020	2020	dt	5	5	0.5411	0.0136	0.5111	0.5711	0.2561	0.6013	0.4461	0
synthetic_mock_not_results	primary	fish	full	fish-2020	2020	rf	5	5	0.6140	0.0155	0.5800	0.6480	0.3290	0.6399	0.5190	0
synthetic_mock_not_results	primary	fish	full	fish-2020	2020	gb	5	5	0.5962	0.0118	0.5702	0.6222	0.3112	0.6305	0.5012	0
synthetic_mock_not_results	primary	fish	full	fish-2020	2020	lr	5	5	0.5730	0.0136	0.5430	0.6030	0.2880	0.6182	0.4780	0
synthetic_mock_not_results	primary	fish	full	fish-2020	2020	svm	5	5	0.5830	0.0155	0.5490	0.6170	0.2980	0.6235	0.4880	0
synthetic_mock_not_results	primary	fish	full	fish-2020	2020	nn	5	5	0.5943	0.0118	0.5683	0.6203	0.3093	0.6295	0.4993	1
synthetic_mock_not_results	primary	fish	matched_both	fish-2020	2020	dt	5	5	0.5631	0.0136	0.5331	0.5931	0.2781	0.6129	0.4681	0
synthetic_mock_not_results	primary	fish	matched_both	fish-2020	2020	rf	5	5	0.6360	0.0155	0.6020	0.6700	0.3510	0.6516	0.5410	0
synthetic_mock_not_results	primary	fish	matched_both	fish-2020	2020	gb	5	5	0.6182	0.0118	0.5922	0.6442	0.3332	0.6421	0.5232	0
synthetic_mock_not_results	primary	fish	matched_both	fish-2020	2020	lr	5	5	0.5950	0.0136	0.5650	0.6250	0.3100	0.6299	0.5000	0
synthetic_mock_not_results	primary	fish	matched_both	fish-2020	2020	svm	5	5	0.6050	0.0155	0.5710	0.6390	0.3200	0.6352	0.5100	0
synthetic_mock_not_results	primary	fish	matched_both	fish-2020	2020	nn	5	5	0.6163	0.0118	0.5903	0.6423	0.3313	0.6411	0.5213	1
synthetic_mock_not_results	primary	fish	full	fish-2021	2021	dt	5	5	0.5544	0.0155	0.5204	0.5884	0.2694	0.6083	0.4594	0
synthetic_mock_not_results	primary	fish	full	fish-2021	2021	rf	5	5	0.6343	0.0118	0.6083	0.6603	0.3493	0.6507	0.5393	0
synthetic_mock_not_results	primary	fish	full	fish-2021	2021	gb	5	5	0.6245	0.0136	0.5945	0.6545	0.3395	0.6455	0.5295	0
synthetic_mock_not_results	primary	fish	full	fish-2021	2021	lr	5	5	0.6099	0.0155	0.5759	0.6439	0.3249	0.6377	0.5149	0
synthetic_mock_not_results	primary	fish	full	fish-2021	2021	svm	5	5	0.6282	0.0118	0.6022	0.6542	0.3432	0.6475	0.5332	0
synthetic_mock_not_results	primary	fish	full	fish-2021	2021	nn	5	5	0.6471	0.0136	0.6171	0.6771	0.3621	0.6575	0.5521	0
synthetic_mock_not_results	primary	fish	matched_both	fish-2021	2021	dt	5	5	0.5764	0.0155	0.5424	0.6104	0.2914	0.6200	0.4814	0
synthetic_mock_not_results	primary	fish	matched_both	fish-2021	2021	rf	5	5	0.6563	0.0118	0.6303	0.6823	0.3713	0.6624	0.5613	0
synthetic_mock_not_results	primary	fish	matched_both	fish-2021	2021	gb	5	5	0.6465	0.0136	0.6165	0.6765	0.3615	0.6571	0.5515	0
synthetic_mock_not_results	primary	fish	matched_both	fish-2021	2021	lr	5	5	0.6319	0.0155	0.5979	0.6659	0.3469	0.6494	0.5369	0
synthetic_mock_not_results	primary	fish	matched_both	fish-2021	2021	svm	5	5	0.6502	0.0118	0.6242	0.6762	0.3652	0.6591	0.5552	0
synthetic_mock_not_results	primary	fish	matched_both	fish-2021	2021	nn	5	5	0.6691	0.0136	0.6391	0.6991	0.3841	0.6691	0.5741	0
synthetic_mock_not_results	primary	fish	full	fish-2022	2022	dt	5	5	0.5184	0.0118	0.4924	0.5444	0.2334	0.5892	0.4234	0
synthetic_mock_not_results	primary	fish	full	fish-2022	2022	rf	5	5	0.6068	0.0136	0.5768	0.6368	0.3218	0.6361	0.5118	0
synthetic_mock_not_results	primary	fish	full	fish-2022	2022	gb	5	5	0.6049	0.0155	0.5709	0.6389	0.3199	0.6351	0.5099	0
synthetic_mock_not_results	primary	fish	full	fish-2022	2022	lr	5	5	0.5971	0.0118	0.5711	0.6231	0.3121	0.6310	0.5021	0
synthetic_mock_not_results	primary	fish	full	fish-2022	2022	svm	5	5	0.6207	0.0136	0.5907	0.6507	0.3357	0.6435	0.5257	0
synthetic_mock_not_results	primary	fish	full	fish-2022	2022	nn	5	5	0.6428	0.0155	0.6088	0.6768	0.3578	0.6552	0.5478	0
synthetic_mock_not_results	primary	fish	matched_both	fish-2022	2022	dt	5	5	0.5404	0.0118	0.5144	0.5664	0.2554	0.6009	0.4454	0
synthetic_mock_not_results	primary	fish	matched_both	fish-2022	2022	rf	5	5	0.6288	0.0136	0.5988	0.6588	0.3438	0.6478	0.5338	0
synthetic_mock_not_results	primary	fish	matched_both	fish-2022	2022	gb	5	5	0.6269	0.0155	0.5929	0.6609	0.3419	0.6468	0.5319	0
synthetic_mock_not_results	primary	fish	matched_both	fish-2022	2022	lr	5	5	0.6191	0.0118	0.5931	0.6451	0.3341	0.6426	0.5241	0
synthetic_mock_not_results	primary	fish	matched_both	fish-2022	2022	svm	5	5	0.6427	0.0136	0.6127	0.6727	0.3577	0.6551	0.5477	0
synthetic_mock_not_results	primary	fish	matched_both	fish-2022	2022	nn	5	5	0.6648	0.0155	0.6308	0.6988	0.3798	0.6668	0.5698	0
synthetic_mock_not_results	primary	fish	full	fish-2023	2023	dt	5	5	0.5385	0.0136	0.5085	0.5685	0.2535	0.5999	0.4435	0
synthetic_mock_not_results	primary	fish	full	fish-2023	2023	rf	5	5	0.6327	0.0155	0.5987	0.6667	0.3477	0.6498	0.5377	0
synthetic_mock_not_results	primary	fish	full	fish-2023	2023	gb	5	5	0.6348	0.0118	0.6088	0.6608	0.3498	0.6509	0.5398	0
synthetic_mock_not_results	primary	fish	full	fish-2023	2023	lr	5	5	0.6287	0.0136	0.5987	0.6587	0.3437	0.6477	0.5337	0
synthetic_mock_not_results	primary	fish	full	fish-2023	2023	svm	5	5	0.6518	0.0155	0.6178	0.6858	0.3668	0.6599	0.5568	0
synthetic_mock_not_results	primary	fish	full	fish-2023	2023	nn	5	5	0.6711	0.0118	0.6451	0.6971	0.3861	0.6702	0.5761	0
synthetic_mock_not_results	primary	fish	matched_both	fish-2023	2023	dt	5	5	0.5605	0.0136	0.5305	0.5905	0.2755	0.6116	0.4655	0
synthetic_mock_not_results	primary	fish	matched_both	fish-2023	2023	rf	5	5	0.6547	0.0155	0.6207	0.6887	0.3697	0.6615	0.5597	0
synthetic_mock_not_results	primary	fish	matched_both	fish-2023	2023	gb	5	5	0.6568	0.0118	0.6308	0.6828	0.3718	0.6626	0.5618	0
synthetic_mock_not_results	primary	fish	matched_both	fish-2023	2023	lr	5	5	0.6507	0.0136	0.6207	0.6807	0.3657	0.6594	0.5557	0
synthetic_mock_not_results	primary	fish	matched_both	fish-2023	2023	svm	5	5	0.6738	0.0155	0.6398	0.7078	0.3888	0.6716	0.5788	0
synthetic_mock_not_results	primary	fish	matched_both	fish-2023	2023	nn	5	5	0.6931	0.0118	0.6671	0.7191	0.4081	0.6818	0.5981	0
synthetic_mock_not_results	primary	fish	full	fish-2024	2024	dt	5	5	0.6048	0.0155	0.5708	0.6388	0.3198	0.6350	0.5098	0
synthetic_mock_not_results	primary	fish	full	fish-2024	2024	rf	5	5	0.6993	0.0118	0.6733	0.7253	0.4143	0.6851	0.6043	0
synthetic_mock_not_results	primary	fish	full	fish-2024	2024	gb	5	5	0.6992	0.0136	0.6692	0.7292	0.4142	0.6851	0.6042	0
synthetic_mock_not_results	primary	fish	full	fish-2024	2024	lr	5	5	0.6890	0.0155	0.6550	0.7230	0.4040	0.6797	0.5940	0
synthetic_mock_not_results	primary	fish	full	fish-2024	2024	svm	5	5	0.7061	0.0118	0.6801	0.7321	0.4211	0.6887	0.6111	0
synthetic_mock_not_results	primary	fish	full	fish-2024	2024	nn	5	5	0.7180	0.0136	0.6880	0.7480	0.4330	0.6950	0.6230	0
synthetic_mock_not_results	primary	fish	matched_both	fish-2024	2024	dt	5	5	0.6268	0.0155	0.5928	0.6608	0.3418	0.6467	0.5318	0
synthetic_mock_not_results	primary	fish	matched_both	fish-2024	2024	rf	5	5	0.7213	0.0118	0.6953	0.7473	0.4363	0.6968	0.6263	0
synthetic_mock_not_results	primary	fish	matched_both	fish-2024	2024	gb	5	5	0.7212	0.0136	0.6912	0.7512	0.4362	0.6968	0.6262	0
synthetic_mock_not_results	primary	fish	matched_both	fish-2024	2024	lr	5	5	0.7110	0.0155	0.6770	0.7450	0.4260	0.6913	0.6160	0
synthetic_mock_not_results	primary	fish	matched_both	fish-2024	2024	svm	5	5	0.7281	0.0118	0.7021	0.7541	0.4431	0.7004	0.6331	0
synthetic_mock_not_results	primary	fish	matched_both	fish-2024	2024	nn	5	5	0.7400	0.0136	0.7100	0.7700	0.4550	0.7067	0.6450	0
synthetic_mock_not_results	primary	fish	full	fish-2025	2025	dt	5	5	0.5967	0.0118	0.5707	0.6227	0.3117	0.6308	0.5017	0
synthetic_mock_not_results	primary	fish	full	fish-2025	2025	rf	5	5	0.6857	0.0136	0.6557	0.7157	0.4007	0.6779	0.5907	0
synthetic_mock_not_results	primary	fish	full	fish-2025	2025	gb	5	5	0.6787	0.0155	0.6447	0.7127	0.3937	0.6742	0.5837	0
synthetic_mock_not_results	primary	fish	full	fish-2025	2025	lr	5	5	0.6605	0.0118	0.6345	0.6865	0.3755	0.6645	0.5655	0
synthetic_mock_not_results	primary	fish	full	fish-2025	2025	svm	5	5	0.6690	0.0136	0.6390	0.6990	0.3840	0.6691	0.5740	0
synthetic_mock_not_results	primary	fish	full	fish-2025	2025	nn	5	5	0.6725	0.0155	0.6385	0.7065	0.3875	0.6709	0.5775	1
synthetic_mock_not_results	primary	fish	matched_both	fish-2025	2025	dt	5	5	0.6187	0.0118	0.5927	0.6447	0.3337	0.6424	0.5237	0
synthetic_mock_not_results	primary	fish	matched_both	fish-2025	2025	rf	5	5	0.7077	0.0136	0.6777	0.7377	0.4227	0.6896	0.6127	0
synthetic_mock_not_results	primary	fish	matched_both	fish-2025	2025	gb	5	5	0.7007	0.0155	0.6667	0.7347	0.4157	0.6859	0.6057	0
synthetic_mock_not_results	primary	fish	matched_both	fish-2025	2025	lr	5	5	0.6825	0.0118	0.6565	0.7085	0.3975	0.6762	0.5875	0
synthetic_mock_not_results	primary	fish	matched_both	fish-2025	2025	svm	5	5	0.6910	0.0136	0.6610	0.7210	0.4060	0.6807	0.5960	0
synthetic_mock_not_results	primary	fish	matched_both	fish-2025	2025	nn	5	5	0.6945	0.0155	0.6605	0.7285	0.4095	0.6826	0.5995	1
synthetic_mock_not_results	primary	fly	full	fly-2015	2015	dt	5	5	0.6562	0.0155	0.6222	0.6902	0.3712	0.6623	0.5612	0
synthetic_mock_not_results	primary	fly	full	fly-2015	2015	rf	5	5	0.7454	0.0118	0.7194	0.7714	0.4604	0.7096	0.6504	0
synthetic_mock_not_results	primary	fly	full	fly-2015	2015	gb	5	5	0.7386	0.0136	0.7086	0.7686	0.4536	0.7060	0.6436	0
synthetic_mock_not_results	primary	fly	full	fly-2015	2015	lr	5	5	0.7206	0.0155	0.6866	0.7546	0.4356	0.6964	0.6256	0
synthetic_mock_not_results	primary	fly	full	fly-2015	2015	svm	5	5	0.7293	0.0118	0.7033	0.7553	0.4443	0.7010	0.6343	0
synthetic_mock_not_results	primary	fly	full	fly-2015	2015	nn	5	5	0.7330	0.0136	0.7030	0.7630	0.4480	0.7030	0.6380	1
synthetic_mock_not_results	primary	fly	matched_both	fly-2015	2015	dt	5	5	0.6782	0.0155	0.6442	0.7122	0.3932	0.6740	0.5832	0
synthetic_mock_not_results	primary	fly	matched_both	fly-2015	2015	rf	5	5	0.7674	0.0118	0.7414	0.7934	0.4824	0.7212	0.6724	0
synthetic_mock_not_results	primary	fly	matched_both	fly-2015	2015	gb	5	5	0.7606	0.0136	0.7306	0.7906	0.4756	0.7176	0.6656	0
synthetic_mock_not_results	primary	fly	matched_both	fly-2015	2015	lr	5	5	0.7426	0.0155	0.7086	0.7766	0.4576	0.7081	0.6476	0
synthetic_mock_not_results	primary	fly	matched_both	fly-2015	2015	svm	5	5	0.7513	0.0118	0.7253	0.7773	0.4663	0.7127	0.6563	0
synthetic_mock_not_results	primary	fly	matched_both	fly-2015	2015	nn	5	5	0.7550	0.0136	0.7250	0.7850	0.4700	0.7147	0.6600	1
synthetic_mock_not_results	primary	fly	full	fly-2016	2016	dt	5	5	0.6659	0.0118	0.6399	0.6919	0.3809	0.6675	0.5709	0
synthetic_mock_not_results	primary	fly	full	fly-2016	2016	rf	5	5	0.7467	0.0136	0.7167	0.7767	0.4617	0.7103	0.6517	0
synthetic_mock_not_results	primary	fly	full	fly-2016	2016	gb	5	5	0.7314	0.0155	0.6974	0.7654	0.4464	0.7021	0.6364	0
synthetic_mock_not_results	primary	fly	full	fly-2016	2016	lr	5	5	0.7054	0.0118	0.6794	0.7314	0.4204	0.6884	0.6104	0
synthetic_mock_not_results	primary	fly	full	fly-2016	2016	svm	5	5	0.7072	0.0136	0.6772	0.7372	0.4222	0.6893	0.6122	0
synthetic_mock_not_results	primary	fly	full	fly-2016	2016	nn	5	5	0.7057	0.0155	0.6717	0.7397	0.4207	0.6885	0.6107	0
synthetic_mock_not_results	primary	fly	matched_both	fly-2016	2016	dt	5	5	0.6879	0.0118	0.6619	0.7139	0.4029	0.6791	0.5929	0
synthetic_mock_not_results	primary	fly	matched_both	fly-2016	2016	rf	5	5	0.7687	0.0136	0.7387	0.7987	0.4837	0.7219	0.6737	0
synthetic_mock_not_results	primary	fly	matched_both	fly-2016	2016	gb	5	5	0.7534	0.0155	0.7194	0.7874	0.4684	0.7138	0.6584	0
synthetic_mock_not_results	primary	fly	matched_both	fly-2016	2016	lr	5	5	0.7274	0.0118	0.7014	0.7534	0.4424	0.7000	0.6324	0
synthetic_mock_not_results	primary	fly	matched_both	fly-2016	2016	svm	5	5	0.7292	0.0136	0.6992	0.7592	0.4442	0.7010	0.6342	0
synthetic_mock_not_results	primary	fly	matched_both	fly-2016	2016	nn	5	5	0.7277	0.0155	0.6937	0.7617	0.4427	0.7002	0.6327	0
synthetic_mock_not_results	primary	fly	full	fly-2017	2017	dt	5	5	0.6533	0.0136	0.6233	0.6833	0.3683	0.6608	0.5583	0
synthetic_mock_not_results	primary	fly	full	fly-2017	2017	rf	5	5	0.7268	0.0155	0.6928	0.7608	0.4418	0.6997	0.6318	0
synthetic_mock_not_results	primary	fly	full	fly-2017	2017	gb	5	5	0.7056	0.0118	0.6796	0.7316	0.4206	0.6885	0.6106	0
synthetic_mock_not_results	primary	fly	full	fly-2017	2017	lr	5	5	0.6756	0.0136	0.6456	0.7056	0.3906	0.6726	0.5806	0
synthetic_mock_not_results	primary	fly	full	fly-2017	2017	svm	5	5	0.6756	0.0155	0.6416	0.7096	0.3906	0.6726	0.5806	0
synthetic_mock_not_results	primary	fly	full	fly-2017	2017	nn	5	5	0.6745	0.0118	0.6485	0.7005	0.3895	0.6720	0.5795	0
synthetic_mock_not_results	primary	fly	matched_both	fly-2017	2017	dt	5	5	0.6753	0.0136	0.6453	0.7053	0.3903	0.6724	0.5803	0
synthetic_mock_not_results	primary	fly	matched_both	fly-2017	2017	rf	5	5	0.7488	0.0155	0.7148	0.7828	0.4638	0.7114	0.6538	0
synthetic_mock_not_results	primary	fly	matched_both	fly-2017	2017	gb	5	5	0.7276	0.0118	0.7016	0.7536	0.4426	0.7001	0.6326	0
synthetic_mock_not_results	primary	fly	matched_both	fly-2017	2017	lr	5	5	0.6976	0.0136	0.6676	0.7276	0.4126	0.6842	0.6026	0
synthetic_mock_not_results	primary	fly	matched_both	fly-2017	2017	svm	5	5	0.6976	0.0155	0.6636	0.7316	0.4126	0.6842	0.6026	0
synthetic_mock_not_results	primary	fly	matched_both	fly-2017	2017	nn	5	5	0.6965	0.0118	0.6705	0.7225	0.4115	0.6837	0.6015	0
synthetic_mock_not_results	primary	fly	full	fly-2018	2018	dt	5	5	0.6597	0.0155	0.6257	0.6937	0.3747	0.6641	0.5647	0
synthetic_mock_not_results	primary	fly	full	fly-2018	2018	rf	5	5	0.7306	0.0118	0.7046	0.7566	0.4456	0.7017	0.6356	0
synthetic_mock_not_results	primary	fly	full	fly-2018	2018	gb	5	5	0.7091	0.0136	0.6791	0.7391	0.4241	0.6903	0.6141	0
synthetic_mock_not_results	primary	fly	full	fly-2018	2018	lr	5	5	0.6810	0.0155	0.6470	0.7150	0.3960	0.6755	0.5860	0
synthetic_mock_not_results	primary	fly	full	fly-2018	2018	svm	5	5	0.6852	0.0118	0.6592	0.7112	0.4002	0.6776	0.5902	0
synthetic_mock_not_results	primary	fly	full	fly-2018	2018	nn	5	5	0.6900	0.0136	0.6600	0.7200	0.4050	0.6802	0.5950	0
synthetic_mock_not_results	primary	fly	matched_both	fly-2018	2018	dt	5	5	0.6817	0.0155	0.6477	0.7157	0.3967	0.6758	0.5867	0
synthetic_mock_not_results	primary	fly	matched_both	fly-2018	2018	rf	5	5	0.7526	0.0118	0.7266	0.7786	0.4676	0.7134	0.6576	0
synthetic_mock_not_results	primary	fly	matched_both	fly-2018	2018	gb	5	5	0.7311	0.0136	0.7011	0.7611	0.4461	0.7020	0.6361	0
synthetic_mock_not_results	primary	fly	matched_both	fly-2018	2018	lr	5	5	0.7030	0.0155	0.6690	0.7370	0.4180	0.6871	0.6080	0
synthetic_mock_not_results	primary	fly	matched_both	fly-2018	2018	svm	5	5	0.7072	0.0118	0.6812	0.7332	0.4222	0.6893	0.6122	0
synthetic_mock_not_results	primary	fly	matched_both	fly-2018	2018	nn	5	5	0.7120	0.0136	0.6820	0.7420	0.4270	0.6919	0.6170	0
synthetic_mock_not_results	primary	fly	full	fly-2019	2019	dt	5	5	0.5942	0.0118	0.5682	0.6202	0.3092	0.6294	0.4992	0
synthetic_mock_not_results	primary	fly	full	fly-2019	2019	rf	5	5	0.6685	0.0136	0.6385	0.6985	0.3835	0.6688	0.5735	0
synthetic_mock_not_results	primary	fly	full	fly-2019	2019	gb	5	5	0.6524	0.0155	0.6184	0.6864	0.3674	0.6603	0.5574	0
synthetic_mock_not_results	primary	fly	full	fly-2019	2019	lr	5	5	0.6313	0.0118	0.6053	0.6573	0.3463	0.6491	0.5363	0
synthetic_mock_not_results	primary	fly	full	fly-2019	2019	svm	5	5	0.6435	0.0136	0.6135	0.6735	0.3585	0.6555	0.5485	0
synthetic_mock_not_results	primary	fly	full	fly-2019	2019	nn	5	5	0.6569	0.0155	0.6229	0.6909	0.3719	0.6626	0.5619	0
synthetic_mock_not_results	primary	fly	matched_both	fly-2019	2019	dt	5	5	0.6162	0.0118	0.5902	0.6422	0.3312	0.6411	0.5212	0
synthetic_mock_not_results	primary	fly	matched_both	fly-2019	2019	rf	5	5	0.6905	0.0136	0.6605	0.7205	0.4055	0.6805	0.5955	0
synthetic_mock_not_results	primary	fly	matched_both	fly-2019	2019	gb	5	5	0.6744	0.0155	0.6404	0.7084	0.3894	0.6719	0.5794	0
synthetic_mock_not_results	primary	fly	matched_both	fly-2019	2019	lr	5	5	0.6533	0.0118	0.6273	0.6793	0.3683	0.6608	0.5583	0
synthetic_mock_not_results	primary	fly	matched_both	fly-2019	2019	svm	5	5	0.6655	0.0136	0.6355	0.6955	0.3805	0.6672	0.5705	0
synthetic_mock_not_results	primary	fly	matched_both	fly-2019	2019	nn	5	5	0.6789	0.0155	0.6449	0.7129	0.3939	0.6743	0.5839	0
synthetic_mock_not_results	primary	fly	full	fly-2020	2020	dt	5	5	0.5770	0.0136	0.5470	0.6070	0.2920	0.6203	0.4820	0
synthetic_mock_not_results	primary	fly	full	fly-2020	2020	rf	5	5	0.6591	0.0155	0.6251	0.6931	0.3741	0.6638	0.5641	0
synthetic_mock_not_results	primary	fly	full	fly-2020	2020	gb	5	5	0.6514	0.0118	0.6254	0.6774	0.3664	0.6597	0.5564	0
synthetic_mock_not_results	primary	fly	full	fly-2020	2020	lr	5	5	0.6388	0.0136	0.6088	0.6688	0.3538	0.6531	0.5438	0
synthetic_mock_not_results	primary	fly	full	fly-2020	2020	svm	5	5	0.6589	0.0155	0.6249	0.6929	0.3739	0.6637	0.5639	0
synthetic_mock_not_results	primary	fly	full	fly-2020	2020	nn	5	5	0.6791	0.0118	0.6531	0.7051	0.3941	0.6744	0.5841	1
synthetic_mock_not_results	primary	fly	matched_both	fly-2020	2020	dt	5	5	0.5990	0.0136	0.5690	0.6290	0.3140	0.6320	0.5040	0
synthetic_mock_not_results	primary	fly	matched_both	fly-2020	2020	rf	5	5	0.6811	0.0155	0.6471	0.7151	0.3961	0.6755	0.5861	0
synthetic_mock_not_results	primary	fly	matched_both	fly-2020	2020	gb	5	5	0.6734	0.0118	0.6474	0.6994	0.3884	0.6714	0.5784	0
synthetic_mock_not_results	primary	fly	matched_both	fly-2020	2020	lr	5	5	0.6608	0.0136	0.6308	0.6908	0.3758	0.6647	0.5658	0
synthetic_mock_not_results	primary	fly	matched_both	fly-2020	2020	svm	5	5	0.6809	0.0155	0.6469	0.7149	0.3959	0.6754	0.5859	0
synthetic_mock_not_results	primary	fly	matched_both	fly-2020	2020	nn	5	5	0.7011	0.0118	0.6751	0.7271	0.4161	0.6861	0.6061	1
synthetic_mock_not_results	primary	fly	full	fly-2021	2021	dt	5	5	0.6167	0.0155	0.5827	0.6507	0.3317	0.6413	0.5217	0
synthetic_mock_not_results	primary	fly	full	fly-2021	2021	rf	5	5	0.7069	0.0118	0.6809	0.7329	0.4219	0.6892	0.6119	0
synthetic_mock_not_results	primary	fly	full	fly-2021	2021	gb	5	5	0.7065	0.0136	0.6765	0.7365	0.4215	0.6890	0.6115	0
synthetic_mock_not_results	primary	fly	full	fly-2021	2021	lr	5	5	0.6997	0.0155	0.6657	0.7337	0.4147	0.6854	0.6047	0
synthetic_mock_not_results	primary	fly	full	fly-2021	2021	svm	5	5	0.7238	0.0118	0.6978	0.7498	0.4388	0.6981	0.6288	0
synthetic_mock_not_results	primary	fly	full	fly-2021	2021	nn	5	5	0.7457	0.0136	0.7157	0.7757	0.4607	0.7097	0.6507	0
synthetic_mock_not_results	primary	fly	matched_both	fly-2021	2021	dt	5	5	0.6387	0.0155	0.6047	0.6727	0.3537	0.6530	0.5437	0
synthetic_mock_not_results	primary	fly	matched_both	fly-2021	2021	rf	5	5	0.7289	0.0118	0.7029	0.7549	0.4439	0.7008	0.6339	0
synthetic_mock_not_results	primary	fly	matched_both	fly-2021	2021	gb	5	5	0.7285	0.0136	0.6985	0.7585	0.4435	0.7006	0.6335	0
synthetic_mock_not_results	primary	fly	matched_both	fly-2021	2021	lr	5	5	0.7217	0.0155	0.6877	0.7557	0.4367	0.6970	0.6267	0
synthetic_mock_not_results	primary	fly	matched_both	fly-2021	2021	svm	5	5	0.7458	0.0118	0.7198	0.7718	0.4608	0.7098	0.6508	0
synthetic_mock_not_results	primary	fly	matched_both	fly-2021	2021	nn	5	5	0.7677	0.0136	0.7377	0.7977	0.4827	0.7214	0.6727	0
synthetic_mock_not_results	primary	fly	full	fly-2022	2022	dt	5	5	0.6059	0.0118	0.5799	0.6319	0.3209	0.6356	0.5109	0
synthetic_mock_not_results	primary	fly	full	fly-2022	2022	rf	5	5	0.7007	0.0136	0.6707	0.7307	0.4157	0.6859	0.6057	0
synthetic_mock_not_results	primary	fly	full	fly-2022	2022	gb	5	5	0.7028	0.0155	0.6688	0.7368	0.4178	0.6870	0.6078	0
synthetic_mock_not_results	primary	fly	full	fly-2022	2022	lr	5	5	0.6963	0.0118	0.6703	0.7223	0.4113	0.6835	0.6013	0
synthetic_mock_not_results	primary	fly	full	fly-2022	2022	svm	5	5	0.7182	0.0136	0.6882	0.7482	0.4332	0.6952	0.6232	0
synthetic_mock_not_results	primary	fly	full	fly-2022	2022	nn	5	5	0.7360	0.0155	0.7020	0.7700	0.4510	0.7046	0.6410	0
synthetic_mock_not_results	primary	fly	matched_both	fly-2022	2022	dt	5	5	0.6279	0.0118	0.6019	0.6539	0.3429	0.6473	0.5329	0
synthetic_mock_not_results	primary	fly	matched_both	fly-2022	2022	rf	5	5	0.7227	0.0136	0.6927	0.7527	0.4377	0.6975	0.6277	0
synthetic_mock_not_results	primary	fly	matched_both	fly-2022	2022	gb	5	5	0.7248	0.0155	0.6908	0.7588	0.4398	0.6986	0.6298	0
synthetic_mock_not_results	primary	fly	matched_both	fly-2022	2022	lr	5	5	0.7183	0.0118	0.6923	0.7443	0.4333	0.6952	0.6233	0
synthetic_mock_not_results	primary	fly	matched_both	fly-2022	2022	svm	5	5	0.7402	0.0136	0.7102	0.7702	0.4552	0.7068	0.6452	0
synthetic_mock_not_results	primary	fly	matched_both	fly-2022	2022	nn	5	5	0.7580	0.0155	0.7240	0.7920	0.4730	0.7163	0.6630	0
synthetic_mock_not_results	primary	fly	full	fly-2023	2023	dt	5	5	0.6376	0.0136	0.6076	0.6676	0.3526	0.6524	0.5426	0
synthetic_mock_not_results	primary	fly	full	fly-2023	2023	rf	5	5	0.7311	0.0155	0.6971	0.7651	0.4461	0.7020	0.6361	0
synthetic_mock_not_results	primary	fly	full	fly-2023	2023	gb	5	5	0.7297	0.0118	0.7037	0.7557	0.4447	0.7012	0.6347	0
synthetic_mock_not_results	primary	fly	full	fly-2023	2023	lr	5	5	0.7177	0.0136	0.6877	0.7477	0.4327	0.6949	0.6227	0
synthetic_mock_not_results	primary	fly	full	fly-2023	2023	svm	5	5	0.7327	0.0155	0.6987	0.7667	0.4477	0.7028	0.6377	0
synthetic_mock_not_results	primary	fly	full	fly-2023	2023	nn	5	5	0.7425	0.0118	0.7165	0.7685	0.4575	0.7080	0.6475	0
synthetic_mock_not_results	primary	fly	matched_both	fly-2023	2023	dt	5	5	0.6596	0.0136	0.6296	0.6896	0.3746	0.6641	0.5646	0
synthetic_mock_not_results	primary	fly	matched_both	fly-2023	2023	rf	5	5	0.7531	0.0155	0.7191	0.7871	0.4681	0.7137	0.6581	0
synthetic_mock_not_results	primary	fly	matched_both	fly-2023	2023	gb	5	5	0.7517	0.0118	0.7257	0.7777	0.4667	0.7129	0.6567	0
synthetic_mock_not_results	primary	fly	matched_both	fly-2023	2023	lr	5	5	0.7397	0.0136	0.7097	0.7697	0.4547	0.7066	0.6447	0
synthetic_mock_not_results	primary	fly	matched_both	fly-2023	2023	svm	5	5	0.7547	0.0155	0.7207	0.7887	0.4697	0.7145	0.6597	0
synthetic_mock_not_results	primary	fly	matched_both	fly-2023	2023	nn	5	5	0.7645	0.0118	0.7385	0.7905	0.4795	0.7197	0.6695	0
synthetic_mock_not_results	primary	fly	full	fly-2024	2024	dt	5	5	0.6960	0.0155	0.6620	0.7300	0.4110	0.6834	0.6010	0
synthetic_mock_not_results	primary	fly	full	fly-2024	2024	rf	5	5	0.7831	0.0118	0.7571	0.8091	0.4981	0.7295	0.6881	0
synthetic_mock_not_results	primary	fly	full	fly-2024	2024	gb	5	5	0.7739	0.0136	0.7439	0.8039	0.4889	0.7247	0.6789	0
synthetic_mock_not_results	primary	fly	full	fly-2024	2024	lr	5	5	0.7535	0.0155	0.7195	0.7875	0.4685	0.7138	0.6585	0
synthetic_mock_not_results	primary	fly	full	fly-2024	2024	svm	5	5	0.7600	0.0118	0.7340	0.7860	0.4750	0.7173	0.6650	0
synthetic_mock_not_results	primary	fly	full	fly-2024	2024	nn	5	5	0.7618	0.0136	0.7318	0.7918	0.4768	0.7183	0.6668	0
synthetic_mock_not_results	primary	fly	matched_both	fly-2024	2024	dt	5	5	0.7180	0.0155	0.6840	0.7520	0.4330	0.6951	0.6230	0
synthetic_mock_not_results	primary	fly	matched_both	fly-2024	2024	rf	5	5	0.8051	0.0118	0.7791	0.8311	0.5201	0.7412	0.7101	0
synthetic_mock_not_results	primary	fly	matched_both	fly-2024	2024	gb	5	5	0.7959	0.0136	0.7659	0.8259	0.5109	0.7363	0.7009	0
synthetic_mock_not_results	primary	fly	matched_both	fly-2024	2024	lr	5	5	0.7755	0.0155	0.7415	0.8095	0.4905	0.7255	0.6805	0
synthetic_mock_not_results	primary	fly	matched_both	fly-2024	2024	svm	5	5	0.7820	0.0118	0.7560	0.8080	0.4970	0.7290	0.6870	0
synthetic_mock_not_results	primary	fly	matched_both	fly-2024	2024	nn	5	5	0.7838	0.0136	0.7538	0.8138	0.4988	0.7299	0.6888	0
synthetic_mock_not_results	primary	fly	full	fly-2025	2025	dt	5	5	0.6646	0.0118	0.6386	0.6906	0.3796	0.6668	0.5696	0
synthetic_mock_not_results	primary	fly	full	fly-2025	2025	rf	5	5	0.7431	0.0136	0.7131	0.7731	0.4581	0.7084	0.6481	0
synthetic_mock_not_results	primary	fly	full	fly-2025	2025	gb	5	5	0.7258	0.0155	0.6918	0.7598	0.4408	0.6992	0.6308	0
synthetic_mock_not_results	primary	fly	full	fly-2025	2025	lr	5	5	0.6982	0.0118	0.6722	0.7242	0.4132	0.6845	0.6032	0
synthetic_mock_not_results	primary	fly	full	fly-2025	2025	svm	5	5	0.6989	0.0136	0.6689	0.7289	0.4139	0.6849	0.6039	0
synthetic_mock_not_results	primary	fly	full	fly-2025	2025	nn	5	5	0.6969	0.0155	0.6629	0.7309	0.4119	0.6838	0.6019	1
synthetic_mock_not_results	primary	fly	matched_both	fly-2025	2025	dt	5	5	0.6866	0.0118	0.6606	0.7126	0.4016	0.6784	0.5916	0
synthetic_mock_not_results	primary	fly	matched_both	fly-2025	2025	rf	5	5	0.7651	0.0136	0.7351	0.7951	0.4801	0.7200	0.6701	0
synthetic_mock_not_results	primary	fly	matched_both	fly-2025	2025	gb	5	5	0.7478	0.0155	0.7138	0.7818	0.4628	0.7108	0.6528	0
synthetic_mock_not_results	primary	fly	matched_both	fly-2025	2025	lr	5	5	0.7202	0.0118	0.6942	0.7462	0.4352	0.6962	0.6252	0
synthetic_mock_not_results	primary	fly	matched_both	fly-2025	2025	svm	5	5	0.7209	0.0136	0.6909	0.7509	0.4359	0.6966	0.6259	0
synthetic_mock_not_results	primary	fly	matched_both	fly-2025	2025	nn	5	5	0.7189	0.0155	0.6849	0.7529	0.4339	0.6955	0.6239	1
synthetic_mock_not_results	primary	mouse	full	mouse-2015	2015	dt	5	5	0.7048	0.0155	0.6708	0.7388	0.4198	0.6881	0.6098	0
synthetic_mock_not_results	primary	mouse	full	mouse-2015	2015	rf	5	5	0.7835	0.0118	0.7575	0.8095	0.4985	0.7298	0.6885	0
synthetic_mock_not_results	primary	mouse	full	mouse-2015	2015	gb	5	5	0.7663	0.0136	0.7363	0.7963	0.4813	0.7207	0.6713	0
synthetic_mock_not_results	primary	mouse	full	mouse-2015	2015	lr	5	5	0.7388	0.0155	0.7048	0.7728	0.4538	0.7061	0.6438	0
synthetic_mock_not_results	primary	mouse	full	mouse-2015	2015	svm	5	5	0.7396	0.0118	0.7136	0.7656	0.4546	0.7065	0.6446	0
synthetic_mock_not_results	primary	mouse	full	mouse-2015	2015	nn	5	5	0.7376	0.0136	0.7076	0.7676	0.4526	0.7054	0.6426	1
synthetic_mock_not_results	primary	mouse	matched_both	mouse-2015	2015	dt	5	5	0.7268	0.0155	0.6928	0.7608	0.4418	0.6997	0.6318	0
synthetic_mock_not_results	primary	mouse	matched_both	mouse-2015	2015	rf	5	5	0.8055	0.0118	0.7795	0.8315	0.5205	0.7414	0.7105	0
synthetic_mock_not_results	primary	mouse	matched_both	mouse-2015	2015	gb	5	5	0.7883	0.0136	0.7583	0.8183	0.5033	0.7323	0.6933	0
synthetic_mock_not_results	primary	mouse	matched_both	mouse-2015	2015	lr	5	5	0.7608	0.0155	0.7268	0.7948	0.4758	0.7177	0.6658	0
synthetic_mock_not_results	primary	mouse	matched_both	mouse-2015	2015	svm	5	5	0.7616	0.0118	0.7356	0.7876	0.4766	0.7182	0.6666	0
synthetic_mock_not_results	primary	mouse	matched_both	mouse-2015	2015	nn	5	5	0.7596	0.0136	0.7296	0.7896	0.4746	0.7171	0.6646	1
synthetic_mock_not_results	primary	mouse	full	mouse-2016	2016	dt	5	5	0.6872	0.0118	0.6612	0.7132	0.4022	0.6787	0.5922	0
synthetic_mock_not_results	primary	mouse	full	mouse-2016	2016	rf	5	5	0.7595	0.0136	0.7295	0.7895	0.4745	0.7170	0.6645	0
synthetic_mock_not_results	primary	mouse	full	mouse-2016	2016	gb	5	5	0.7377	0.0155	0.7037	0.7717	0.4527	0.7055	0.6427	0
synthetic_mock_not_results	primary	mouse	full	mouse-2016	2016	lr	5	5	0.7076	0.0118	0.6816	0.7336	0.4226	0.6895	0.6126	0
synthetic_mock_not_results	primary	mouse	full	mouse-2016	2016	svm	5	5	0.7081	0.0136	0.6781	0.7381	0.4231	0.6898	0.6131	0
synthetic_mock_not_results	primary	mouse	full	mouse-2016	2016	nn	5	5	0.7080	0.0155	0.6740	0.7420	0.4230	0.6898	0.6130	0
synthetic_mock_not_results	primary	mouse	matched_both	mouse-2016	2016	dt	5	5	0.7092	0.0118	0.6832	0.7352	0.4242	0.6904	0.6142	0
synthetic_mock_not_results	primary	mouse	matched_both	mouse-2016	2016	rf	5	5	0.7815	0.0136	0.7515	0.8115	0.4965	0.7287	0.6865	0
synthetic_mock_not_results	primary	mouse	matched_both	mouse-2016	2016	gb	5	5	0.7597	0.0155	0.7257	0.7937	0.4747	0.7171	0.6647	0
synthetic_mock_not_results	primary	mouse	matched_both	mouse-2016	2016	lr	5	5	0.7296	0.0118	0.7036	0.7556	0.4446	0.7012	0.6346	0
synthetic_mock_not_results	primary	mouse	matched_both	mouse-2016	2016	svm	5	5	0.7301	0.0136	0.7001	0.7601	0.4451	0.7014	0.6351	0
synthetic_mock_not_results	primary	mouse	matched_both	mouse-2016	2016	nn	5	5	0.7300	0.0155	0.6960	0.7640	0.4450	0.7014	0.6350	0
synthetic_mock_not_results	primary	mouse	full	mouse-2017	2017	dt	5	5	0.6566	0.0136	0.6266	0.6866	0.3716	0.6625	0.5616	0
synthetic_mock_not_results	primary	mouse	full	mouse-2017	2017	rf	5	5	0.7278	0.0155	0.6938	0.7618	0.4428	0.7002	0.6328	0
synthetic_mock_not_results	primary	mouse	full	mouse-2017	2017	gb	5	5	0.7072	0.0118	0.6812	0.7332	0.4222	0.6893	0.6122	0
synthetic_mock_not_results	primary	mouse	full	mouse-2017	2017	lr	5	5	0.6805	0.0136	0.6505	0.7105	0.3955	0.6752	0.5855	0
synthetic_mock_not_results	primary	mouse	full	mouse-2017	2017	svm	5	5	0.6864	0.0155	0.6524	0.7204	0.4014	0.6783	0.5914	0
synthetic_mock_not_results	primary	mouse	full	mouse-2017	2017	nn	5	5	0.6933	0.0118	0.6673	0.7193	0.4083	0.6820	0.5983	0
synthetic_mock_not_results	primary	mouse	matched_both	mouse-2017	2017	dt	5	5	0.6786	0.0136	0.6486	0.7086	0.3936	0.6741	0.5836	0
synthetic_mock_not_results	primary	mouse	matched_both	mouse-2017	2017	rf	5	5	0.7498	0.0155	0.7158	0.7838	0.4648	0.7119	0.6548	0
synthetic_mock_not_results	primary	mouse	matched_both	mouse-2017	2017	gb	5	5	0.7292	0.0118	0.7032	0.7552	0.4442	0.7010	0.6342	0
synthetic_mock_not_results	primary	mouse	matched_both	mouse-2017	2017	lr	5	5	0.7025	0.0136	0.6725	0.7325	0.4175	0.6868	0.6075	0
synthetic_mock_not_results	primary	mouse	matched_both	mouse-2017	2017	svm	5	5	0.7084	0.0155	0.6744	0.7424	0.4234	0.6900	0.6134	0
synthetic_mock_not_results	primary	mouse	matched_both	mouse-2017	2017	nn	5	5	0.7153	0.0118	0.6893	0.7413	0.4303	0.6936	0.6203	0
synthetic_mock_not_results	primary	mouse	full	mouse-2018	2018	dt	5	5	0.6631	0.0155	0.6291	0.6971	0.3781	0.6660	0.5681	0
synthetic_mock_not_results	primary	mouse	full	mouse-2018	2018	rf	5	5	0.7391	0.0118	0.7131	0.7651	0.4541	0.7062	0.6441	0
synthetic_mock_not_results	primary	mouse	full	mouse-2018	2018	gb	5	5	0.7250	0.0136	0.6950	0.7550	0.4400	0.6988	0.6300	0
synthetic_mock_not_results	primary	mouse	full	mouse-2018	2018	lr	5	5	0.7061	0.0155	0.6721	0.7401	0.4211	0.6887	0.6111	0
synthetic_mock_not_results	primary	mouse	full	mouse-2018	2018	svm	5	5	0.7204	0.0118	0.6944	0.7464	0.4354	0.6963	0.6254	0
synthetic_mock_not_results	primary	mouse	full	mouse-2018	2018	nn	5	5	0.7358	0.0136	0.7058	0.7658	0.4508	0.7045	0.6408	0
synthetic_mock_not_results	primary	mouse	matched_both	mouse-2018	2018	dt	5	5	0.6851	0.0155	0.6511	0.7191	0.4001	0.6776	0.5901	0
synthetic_mock_not_results	primary	mouse	matched_both	mouse-2018	2018	rf	5	5	0.7611	0.0118	0.7351	0.7871	0.4761	0.7179	0.6661	0
synthetic_mock_not_results	primary	mouse	matched_both	mouse-2018	2018	gb	5	5	0.7470	0.0136	0.7170	0.7770	0.4620	0.7104	0.6520	0
synthetic_mock_not_results	primary	mouse	matched_both	mouse-2018	2018	lr	5	5	0.7281	0.0155	0.6941	0.7621	0.4431	0.7004	0.6331	0
synthetic_mock_not_results	primary	mouse	matched_both	mouse-2018	2018	svm	5	5	0.7424	0.0118	0.7164	0.7684	0.4574	0.7080	0.6474	0
synthetic_mock_not_results	primary	mouse	matched_both	mouse-2018	2018	nn	5	5	0.7578	0.0136	0.7278	0.7878	0.4728	0.7161	0.6628	0
synthetic_mock_not_results	primary	mouse	full	mouse-2019	2019	dt	5	5	0.6160	0.0118	0.5900	0.6420	0.3310	0.6410	0.5210	0
synthetic_mock_not_results	primary	mouse	full	mouse-2019	2019	rf	5	5	0.7003	0.0136	0.6703	0.7303	0.4153	0.6856	0.6053	0
synthetic_mock_not_results	primary	mouse	full	mouse-2019	2019	gb	5	5	0.6947	0.0155	0.6607	0.7287	0.4097	0.6827	0.5997	0
synthetic_mock_not_results	primary	mouse	full	mouse-2019	2019	lr	5	5	0.6839	0.0118	0.6579	0.7099	0.3989	0.6770	0.5889	0
synthetic_mock_not_results	primary	mouse	full	mouse-2019	2019	svm	5	5	0.7055	0.0136	0.6755	0.7355	0.4205	0.6884	0.6105	0
synthetic_mock_not_results	primary	mouse	full	mouse-2019	2019	nn	5	5	0.7267	0.0155	0.6927	0.7607	0.4417	0.6997	0.6317	0
synthetic_mock_not_results	primary	mouse	matched_both	mouse-2019	2019	dt	5	5	0.6380	0.0118	0.6120	0.6640	0.3530	0.6527	0.5430	0
synthetic_mock_not_results	primary	mouse	matched_both	mouse-2019	2019	rf	5	5	0.7223	0.0136	0.6923	0.7523	0.4373	0.6973	0.6273	0
synthetic_mock_not_results	primary	mouse	matched_both	mouse-2019	2019	gb	5	5	0.7167	0.0155	0.6827	0.7507	0.4317	0.6943	0.6217	0
synthetic_mock_not_results	primary	mouse	matched_both	mouse-2019	2019	lr	5	5	0.7059	0.0118	0.6799	0.7319	0.4209	0.6886	0.6109	0
synthetic_mock_not_results	primary	mouse	matched_both	mouse-2019	2019	svm	5	5	0.7275	0.0136	0.6975	0.7575	0.4425	0.7001	0.6325	0
synthetic_mock_not_results	primary	mouse	matched_both	mouse-2019	2019	nn	5	5	0.7487	0.0155	0.7147	0.7827	0.4637	0.7113	0.6537	0
synthetic_mock_not_results	primary	mouse	full	mouse-2020	2020	dt	5	5	0.6262	0.0136	0.5962	0.6562	0.3412	0.6464	0.5312	0
synthetic_mock_not_results	primary	mouse	full	mouse-2020	2020	rf	5	5	0.7181	0.0155	0.6841	0.7521	0.4331	0.6951	0.6231	0
synthetic_mock_not_results	primary	mouse	full	mouse-2020	2020	gb	5	5	0.7189	0.0118	0.6929	0.7449	0.4339	0.6955	0.6239	0
synthetic_mock_not_results	primary	mouse	full	mouse-2020	2020	lr	5	5	0.7127	0.0136	0.6827	0.7427	0.4277	0.6922	0.6177	0
synthetic_mock_not_results	primary	mouse	full	mouse-2020	2020	svm	5	5	0.7368	0.0155	0.7028	0.7708	0.4518	0.7050	0.6418	0
synthetic_mock_not_results	primary	mouse	full	mouse-2020	2020	nn	5	5	0.7583	0.0118	0.7323	0.7843	0.4733	0.7164	0.6633	1
synthetic_mock_not_results	primary	mouse	matched_both	mouse-2020	2020	dt	5	5	0.6482	0.0136	0.6182	0.6782	0.3632	0.6581	0.5532	0
synthetic_mock_not_results	primary	mouse	matched_both	mouse-2020	2020	rf	5	5	0.7401	0.0155	0.7061	0.7741	0.4551	0.7068	0.6451	0
synthetic_mock_not_results	primary	mouse	matched_both	mouse-2020	2020	gb	5	5	0.7409	0.0118	0.7149	0.7669	0.4559	0.7072	0.6459	0
synthetic_mock_not_results	primary	mouse	matched_both	mouse-2020	2020	lr	5	5	0.7347	0.0136	0.7047	0.7647	0.4497	0.7039	0.6397	0
synthetic_mock_not_results	primary	mouse	matched_both	mouse-2020	2020	svm	5	5	0.7588	0.0155	0.7248	0.7928	0.4738	0.7167	0.6638	0
synthetic_mock_not_results	primary	mouse	matched_both	mouse-2020	2020	nn	5	5	0.7803	0.0118	0.7543	0.8063	0.4953	0.7280	0.6853	1
synthetic_mock_not_results	primary	mouse	full	mouse-2021	2021	dt	5	5	0.6887	0.0155	0.6547	0.7227	0.4037	0.6795	0.5937	0
synthetic_mock_not_results	primary	mouse	full	mouse-2021	2021	rf	5	5	0.7838	0.0118	0.7578	0.8098	0.4988	0.7299	0.6888	0
synthetic_mock_not_results	primary	mouse	full	mouse-2021	2021	gb	5	5	0.7856	0.0136	0.7556	0.8156	0.5006	0.7308	0.6906	0
synthetic_mock_not_results	primary	mouse	full	mouse-2021	2021	lr	5	5	0.7781	0.0155	0.7441	0.8121	0.4931	0.7269	0.6831	0
synthetic_mock_not_results	primary	mouse	full	mouse-2021	2021	svm	5	5	0.7987	0.0118	0.7727	0.8247	0.5137	0.7378	0.7037	0
synthetic_mock_not_results	primary	mouse	full	mouse-2021	2021	nn	5	5	0.8147	0.0136	0.7847	0.8447	0.5297	0.7463	0.7197	0
synthetic_mock_not_results	primary	mouse	matched_both	mouse-2021	2021	dt	5	5	0.7107	0.0155	0.6767	0.7447	0.4257	0.6912	0.6157	0
synthetic_mock_not_results	primary	mouse	matched_both	mouse-2021	2021	rf	5	5	0.8058	0.0118	0.7798	0.8318	0.5208	0.7416	0.7108	0
synthetic_mock_not_results	primary	mouse	matched_both	mouse-2021	2021	gb	5	5	0.8076	0.0136	0.7776	0.8376	0.5226	0.7425	0.7126	0
synthetic_mock_not_results	primary	mouse	matched_both	mouse-2021	2021	lr	5	5	0.8001	0.0155	0.7661	0.8341	0.5151	0.7386	0.7051	0
synthetic_mock_not_results	primary	mouse	matched_both	mouse-2021	2021	svm	5	5	0.8207	0.0118	0.7947	0.8467	0.5357	0.7495	0.7257	0
synthetic_mock_not_results	primary	mouse	matched_both	mouse-2021	2021	nn	5	5	0.8367	0.0136	0.8067	0.8667	0.5517	0.7580	0.7417	0
synthetic_mock_not_results	primary	mouse	full	mouse-2022	2022	dt	5	5	0.6848	0.0118	0.6588	0.7108	0.3998	0.6774	0.5898	0
synthetic_mock_not_results	primary	mouse	full	mouse-2022	2022	rf	5	5	0.7771	0.0136	0.7471	0.8071	0.4921	0.7264	0.6821	0
synthetic_mock_not_results	primary	mouse	full	mouse-2022	2022	gb	5	5	0.7740	0.0155	0.7400	0.8080	0.4890	0.7247	0.6790	0
synthetic_mock_not_results	primary	mouse	full	mouse-2022	2022	lr	5	5	0.7601	0.0118	0.7341	0.7861	0.4751	0.7173	0.6651	0
synthetic_mock_not_results	primary	mouse	full	mouse-2022	2022	svm	5	5	0.7729	0.0136	0.7429	0.8029	0.4879	0.7241	0.6779	0
synthetic_mock_not_results	primary	mouse	full	mouse-2022	2022	nn	5	5	0.7805	0.0155	0.7465	0.8145	0.4955	0.7282	0.6855	0
synthetic_mock_not_results	primary	mouse	matched_both	mouse-2022	2022	dt	5	5	0.7068	0.0118	0.6808	0.7328	0.4218	0.6891	0.6118	0
synthetic_mock_not_results	primary	mouse	matched_both	mouse-2022	2022	rf	5	5	0.7991	0.0136	0.7691	0.8291	0.5141	0.7380	0.7041	0
synthetic_mock_not_results	primary	mouse	matched_both	mouse-2022	2022	gb	5	5	0.7960	0.0155	0.7620	0.8300	0.5110	0.7364	0.7010	0
synthetic_mock_not_results	primary	mouse	matched_both	mouse-2022	2022	lr	5	5	0.7821	0.0118	0.7561	0.8081	0.4971	0.7290	0.6871	0
synthetic_mock_not_results	primary	mouse	matched_both	mouse-2022	2022	svm	5	5	0.7949	0.0136	0.7649	0.8249	0.5099	0.7358	0.6999	0
synthetic_mock_not_results	primary	mouse	matched_both	mouse-2022	2022	nn	5	5	0.8025	0.0155	0.7685	0.8365	0.5175	0.7398	0.7075	0
synthetic_mock_not_results	primary	mouse	full	mouse-2023	2023	dt	5	5	0.7041	0.0136	0.6741	0.7341	0.4191	0.6877	0.6091	0
synthetic_mock_not_results	primary	mouse	full	mouse-2023	2023	rf	5	5	0.7890	0.0155	0.7550	0.8230	0.5040	0.7327	0.6940	0
synthetic_mock_not_results	primary	mouse	full	mouse-2023	2023	gb	5	5	0.7776	0.0118	0.7516	0.8036	0.4926	0.7267	0.6826	0
synthetic_mock_not_results	primary	mouse	full	mouse-2023	2023	lr	5	5	0.7551	0.0136	0.7251	0.7851	0.4701	0.7147	0.6601	0
synthetic_mock_not_results	primary	mouse	full	mouse-2023	2023	svm	5	5	0.7598	0.0155	0.7258	0.7938	0.4748	0.7172	0.6648	0
synthetic_mock_not_results	primary	mouse	full	mouse-2023	2023	nn	5	5	0.7602	0.0118	0.7342	0.7862	0.4752	0.7174	0.6652	0
synthetic_mock_not_results	primary	mouse	matched_both	mouse-2023	2023	dt	5	5	0.7261	0.0136	0.6961	0.7561	0.4411	0.6993	0.6311	0
synthetic_mock_not_results	primary	mouse	matched_both	mouse-2023	2023	rf	5	5	0.8110	0.0155	0.7770	0.8450	0.5260	0.7443	0.7160	0
synthetic_mock_not_results	primary	mouse	matched_both	mouse-2023	2023	gb	5	5	0.7996	0.0118	0.7736	0.8256	0.5146	0.7383	0.7046	0
synthetic_mock_not_results	primary	mouse	matched_both	mouse-2023	2023	lr	5	5	0.7771	0.0136	0.7471	0.8071	0.4921	0.7264	0.6821	0
synthetic_mock_not_results	primary	mouse	matched_both	mouse-2023	2023	svm	5	5	0.7818	0.0155	0.7478	0.8158	0.4968	0.7289	0.6868	0
synthetic_mock_not_results	primary	mouse	matched_both	mouse-2023	2023	nn	5	5	0.7822	0.0118	0.7562	0.8082	0.4972	0.7290	0.6872	0
synthetic_mock_not_results	primary	mouse	full	mouse-2024	2024	dt	5	5	0.7370	0.0155	0.7030	0.7710	0.4520	0.7051	0.6420	0
synthetic_mock_not_results	primary	mouse	full	mouse-2024	2024	rf	5	5	0.8135	0.0118	0.7875	0.8395	0.5285	0.7457	0.7185	0
synthetic_mock_not_results	primary	mouse	full	mouse-2024	2024	gb	5	5	0.7946	0.0136	0.7646	0.8246	0.5096	0.7356	0.6996	0
synthetic_mock_not_results	primary	mouse	full	mouse-2024	2024	lr	5	5	0.7658	0.0155	0.7318	0.7998	0.4808	0.7204	0.6708	0
synthetic_mock_not_results	primary	mouse	full	mouse-2024	2024	svm	5	5	0.7659	0.0118	0.7399	0.7919	0.4809	0.7204	0.6709	0
synthetic_mock_not_results	primary	mouse	full	mouse-2024	2024	nn	5	5	0.7638	0.0136	0.7338	0.7938	0.4788	0.7193	0.6688	0
synthetic_mock_not_results	primary	mouse	matched_both	mouse-2024	2024	dt	5	5	0.7590	0.0155	0.7250	0.7930	0.4740	0.7168	0.6640	0
synthetic_mock_not_results	primary	mouse	matched_both	mouse-2024	2024	rf	5	5	0.8355	0.0118	0.8095	0.8615	0.5505	0.7573	0.7405	0
synthetic_mock_not_results	primary	mouse	matched_both	mouse-2024	2024	gb	5	5	0.8166	0.0136	0.7866	0.8466	0.5316	0.7473	0.7216	0
synthetic_mock_not_results	primary	mouse	matched_both	mouse-2024	2024	lr	5	5	0.7878	0.0155	0.7538	0.8218	0.5028	0.7320	0.6928	0
synthetic_mock_not_results	primary	mouse	matched_both	mouse-2024	2024	svm	5	5	0.7879	0.0118	0.7619	0.8139	0.5029	0.7321	0.6929	0
synthetic_mock_not_results	primary	mouse	matched_both	mouse-2024	2024	nn	5	5	0.7858	0.0136	0.7558	0.8158	0.5008	0.7310	0.6908	0
synthetic_mock_not_results	primary	mouse	full	mouse-2025	2025	dt	5	5	0.6795	0.0118	0.6535	0.7055	0.3945	0.6747	0.5845	0
synthetic_mock_not_results	primary	mouse	full	mouse-2025	2025	rf	5	5	0.7509	0.0136	0.7209	0.7809	0.4659	0.7125	0.6559	0
synthetic_mock_not_results	primary	mouse	full	mouse-2025	2025	gb	5	5	0.7288	0.0155	0.6948	0.7628	0.4438	0.7008	0.6338	0
synthetic_mock_not_results	primary	mouse	full	mouse-2025	2025	lr	5	5	0.6991	0.0118	0.6731	0.7251	0.4141	0.6850	0.6041	0
synthetic_mock_not_results	primary	mouse	full	mouse-2025	2025	svm	5	5	0.7006	0.0136	0.6706	0.7306	0.4156	0.6858	0.6056	0
synthetic_mock_not_results	primary	mouse	full	mouse-2025	2025	nn	5	5	0.7021	0.0155	0.6681	0.7361	0.4171	0.6866	0.6071	1
synthetic_mock_not_results	primary	mouse	matched_both	mouse-2025	2025	dt	5	5	0.7015	0.0118	0.6755	0.7275	0.4165	0.6863	0.6065	0
synthetic_mock_not_results	primary	mouse	matched_both	mouse-2025	2025	rf	5	5	0.7729	0.0136	0.7429	0.8029	0.4879	0.7242	0.6779	0
synthetic_mock_not_results	primary	mouse	matched_both	mouse-2025	2025	gb	5	5	0.7508	0.0155	0.7168	0.7848	0.4658	0.7124	0.6558	0
synthetic_mock_not_results	primary	mouse	matched_both	mouse-2025	2025	lr	5	5	0.7211	0.0118	0.6951	0.7471	0.4361	0.6967	0.6261	0
synthetic_mock_not_results	primary	mouse	matched_both	mouse-2025	2025	svm	5	5	0.7226	0.0136	0.6926	0.7526	0.4376	0.6975	0.6276	0
synthetic_mock_not_results	primary	mouse	matched_both	mouse-2025	2025	nn	5	5	0.7241	0.0155	0.6901	0.7581	0.4391	0.6982	0.6291	1
synthetic_mock_not_results	primary	worm	full	worm-2015	2015	dt	5	5	0.5602	0.0155	0.5262	0.5942	0.2752	0.6114	0.4652	0
synthetic_mock_not_results	primary	worm	full	worm-2015	2015	rf	5	5	0.6317	0.0118	0.6057	0.6577	0.3467	0.6493	0.5367	0
synthetic_mock_not_results	primary	worm	full	worm-2015	2015	gb	5	5	0.6096	0.0136	0.5796	0.6396	0.3246	0.6376	0.5146	0
synthetic_mock_not_results	primary	worm	full	worm-2015	2015	lr	5	5	0.5798	0.0155	0.5458	0.6138	0.2948	0.6218	0.4848	0
synthetic_mock_not_results	primary	worm	full	worm-2015	2015	svm	5	5	0.5812	0.0118	0.5552	0.6072	0.2962	0.6225	0.4862	0
synthetic_mock_not_results	primary	worm	full	worm-2015	2015	nn	5	5	0.5825	0.0136	0.5525	0.6125	0.2975	0.6232	0.4875	1
synthetic_mock_not_results	primary	worm	matched_both	worm-2015	2015	dt	5	5	0.5822	0.0155	0.5482	0.6162	0.2972	0.6231	0.4872	0
synthetic_mock_not_results	primary	worm	matched_both	worm-2015	2015	rf	5	5	0.6537	0.0118	0.6277	0.6797	0.3687	0.6610	0.5587	0
synthetic_mock_not_results	primary	worm	matched_both	worm-2015	2015	gb	5	5	0.6316	0.0136	0.6016	0.6616	0.3466	0.6492	0.5366	0
synthetic_mock_not_results	primary	worm	matched_both	worm-2015	2015	lr	5	5	0.6018	0.0155	0.5678	0.6358	0.3168	0.6335	0.5068	0
synthetic_mock_not_results	primary	worm	matched_both	worm-2015	2015	svm	5	5	0.6032	0.0118	0.5772	0.6292	0.3182	0.6342	0.5082	0
synthetic_mock_not_results	primary	worm	matched_both	worm-2015	2015	nn	5	5	0.6045	0.0136	0.5745	0.6345	0.3195	0.6349	0.5095	1
synthetic_mock_not_results	primary	worm	full	worm-2016	2016	dt	5	5	0.5286	0.0118	0.5026	0.5546	0.2436	0.5947	0.4336	0
synthetic_mock_not_results	primary	worm	full	worm-2016	2016	rf	5	5	0.6005	0.0136	0.5705	0.6305	0.3155	0.6328	0.5055	0
synthetic_mock_not_results	primary	worm	full	worm-2016	2016	gb	5	5	0.5811	0.0155	0.5471	0.6151	0.2961	0.6225	0.4861	0
synthetic_mock_not_results	primary	worm	full	worm-2016	2016	lr	5	5	0.5561	0.0118	0.5301	0.5821	0.2711	0.6093	0.4611	0
synthetic_mock_not_results	primary	worm	full	worm-2016	2016	svm	5	5	0.5640	0.0136	0.5340	0.5940	0.2790	0.6134	0.4690	0
synthetic_mock_not_results	primary	worm	full	worm-2016	2016	nn	5	5	0.5731	0.0155	0.5391	0.6071	0.2881	0.6182	0.4781	0
synthetic_mock_not_results	primary	worm	matched_both	worm-2016	2016	dt	5	5	0.5506	0.0118	0.5246	0.5766	0.2656	0.6063	0.4556	0
synthetic_mock_not_results	primary	worm	matched_both	worm-2016	2016	rf	5	5	0.6225	0.0136	0.5925	0.6525	0.3375	0.6444	0.5275	0
synthetic_mock_not_results	primary	worm	matched_both	worm-2016	2016	gb	5	5	0.6031	0.0155	0.5691	0.6371	0.3181	0.6342	0.5081	0
synthetic_mock_not_results	primary	worm	matched_both	worm-2016	2016	lr	5	5	0.5781	0.0118	0.5521	0.6041	0.2931	0.6209	0.4831	0
synthetic_mock_not_results	primary	worm	matched_both	worm-2016	2016	svm	5	5	0.5860	0.0136	0.5560	0.6160	0.3010	0.6251	0.4910	0
synthetic_mock_not_results	primary	worm	matched_both	worm-2016	2016	nn	5	5	0.5951	0.0155	0.5611	0.6291	0.3101	0.6299	0.5001	0
synthetic_mock_not_results	primary	worm	full	worm-2017	2017	dt	5	5	0.5032	0.0136	0.4732	0.5332	0.2182	0.5812	0.4082	0
synthetic_mock_not_results	primary	worm	full	worm-2017	2017	rf	5	5	0.5810	0.0155	0.5470	0.6150	0.2960	0.6225	0.4860	0
synthetic_mock_not_results	primary	worm	full	worm-2017	2017	gb	5	5	0.5690	0.0118	0.5430	0.5950	0.2840	0.6161	0.4740	0
synthetic_mock_not_results	primary	worm	full	worm-2017	2017	lr	5	5	0.5523	0.0136	0.5223	0.5823	0.2673	0.6072	0.4573	0
synthetic_mock_not_results	primary	worm	full	worm-2017	2017	svm	5	5	0.5687	0.0155	0.5347	0.6027	0.2837	0.6159	0.4737	0
synthetic_mock_not_results	primary	worm	full	worm-2017	2017	nn	5	5	0.5859	0.0118	0.5599	0.6119	0.3009	0.6250	0.4909	0
synthetic_mock_not_results	primary	worm	matched_both	worm-2017	2017	dt	5	5	0.5252	0.0136	0.4952	0.5552	0.2402	0.5928	0.4302	0
synthetic_mock_not_results	primary	worm	matched_both	worm-2017	2017	rf	5	5	0.6030	0.0155	0.5690	0.6370	0.3180	0.6341	0.5080	0
synthetic_mock_not_results	primary	worm	matched_both	worm-2017	2017	gb	5	5	0.5910	0.0118	0.5650	0.6170	0.3060	0.6277	0.4960	0
synthetic_mock_not_results	primary	worm	matched_both	worm-2017	2017	lr	5	5	0.5743	0.0136	0.5443	0.6043	0.2893	0.6189	0.4793	0
synthetic_mock_not_results	primary	worm	matched_both	worm-2017	2017	svm	5	5	0.5907	0.0155	0.5567	0.6247	0.3057	0.6276	0.4957	0
synthetic_mock_not_results	primary	worm	matched_both	worm-2017	2017	nn	5	5	0.6079	0.0118	0.5819	0.6339	0.3229	0.6367	0.5129	0
synthetic_mock_not_results	primary	worm	full	worm-2018	2018	dt	5	5	0.5315	0.0155	0.4975	0.5655	0.2465	0.5962	0.4365	0
synthetic_mock_not_results	primary	worm	full	worm-2018	2018	rf	5	5	0.6179	0.0118	0.5919	0.6439	0.3329	0.6420	0.5229	0
synthetic_mock_not_results	primary	worm	full	worm-2018	2018	gb	5	5	0.6142	0.0136	0.5842	0.6442	0.3292	0.6400	0.5192	0
synthetic_mock_not_results	primary	worm	full	worm-2018	2018	lr	5	5	0.6051	0.0155	0.5711	0.6391	0.3201	0.6352	0.5101	0
synthetic_mock_not_results	primary	worm	full	worm-2018	2018	svm	5	5	0.6279	0.0118	0.6019	0.6539	0.3429	0.6473	0.5329	0
synthetic_mock_not_results	primary	worm	full	worm-2018	2018	nn	5	5	0.6497	0.0136	0.6197	0.6797	0.3647	0.6588	0.5547	0
synthetic_mock_not_results	primary	worm	matched_both	worm-2018	2018	dt	5	5	0.5535	0.0155	0.5195	0.5875	0.2685	0.6078	0.4585	0
synthetic_mock_not_results	primary	worm	matched_both	worm-2018	2018	rf	5	5	0.6399	0.0118	0.6139	0.6659	0.3549	0.6536	0.5449	0
synthetic_mock_not_results	primary	worm	matched_both	worm-2018	2018	gb	5	5	0.6362	0.0136	0.6062	0.6662	0.3512	0.6517	0.5412	0
synthetic_mock_not_results	primary	worm	matched_both	worm-2018	2018	lr	5	5	0.6271	0.0155	0.5931	0.6611	0.3421	0.6469	0.5321	0
synthetic_mock_not_results	primary	worm	matched_both	worm-2018	2018	svm	5	5	0.6499	0.0118	0.6239	0.6759	0.3649	0.6589	0.5549	0
synthetic_mock_not_results	primary	worm	matched_both	worm-2018	2018	nn	5	5	0.6717	0.0136	0.6417	0.7017	0.3867	0.6705	0.5767	0
synthetic_mock_not_results	primary	worm	full	worm-2019	2019	dt	5	5	0.5119	0.0118	0.4859	0.5379	0.2269	0.5858	0.4169	0
synthetic_mock_not_results	primary	worm	full	worm-2019	2019	rf	5	5	0.6051	0.0136	0.5751	0.6351	0.3201	0.6352	0.5101	0
synthetic_mock_not_results	primary	worm	full	worm-2019	2019	gb	5	5	0.6067	0.0155	0.5727	0.6407	0.3217	0.6360	0.5117	0
synthetic_mock_not_results	primary	worm	full	worm-2019	2019	lr	5	5	0.6008	0.0118	0.5748	0.6268	0.3158	0.6329	0.5058	0
synthetic_mock_not_results	primary	worm	full	worm-2019	2019	svm	5	5	0.6246	0.0136	0.5946	0.6546	0.3396	0.6455	0.5296	0
synthetic_mock_not_results	primary	worm	full	worm-2019	2019	nn	5	5	0.6451	0.0155	0.6111	0.6791	0.3601	0.6564	0.5501	0
synthetic_mock_not_results	primary	worm	matched_both	worm-2019	2019	dt	5	5	0.5339	0.0118	0.5079	0.5599	0.2489	0.5975	0.4389	0
synthetic_mock_not_results	primary	worm	matched_both	worm-2019	2019	rf	5	5	0.6271	0.0136	0.5971	0.6571	0.3421	0.6469	0.5321	0
synthetic_mock_not_results	primary	worm	matched_both	worm-2019	2019	gb	5	5	0.6287	0.0155	0.5947	0.6627	0.3437	0.6477	0.5337	0
synthetic_mock_not_results	primary	worm	matched_both	worm-2019	2019	lr	5	5	0.6228	0.0118	0.5968	0.6488	0.3378	0.6446	0.5278	0
synthetic_mock_not_results	primary	worm	matched_both	worm-2019	2019	svm	5	5	0.6466	0.0136	0.6166	0.6766	0.3616	0.6572	0.5516	0
synthetic_mock_not_results	primary	worm	matched_both	worm-2019	2019	nn	5	5	0.6671	0.0155	0.6331	0.7011	0.3821	0.6681	0.5721	0
synthetic_mock_not_results	primary	worm	full	worm-2020	2020	dt	5	5	0.5418	0.0136	0.5118	0.5718	0.2568	0.6016	0.4468	0
synthetic_mock_not_results	primary	worm	full	worm-2020	2020	rf	5	5	0.6367	0.0155	0.6027	0.6707	0.3517	0.6520	0.5417	0
synthetic_mock_not_results	primary	worm	full	worm-2020	2020	gb	5	5	0.6378	0.0118	0.6118	0.6638	0.3528	0.6525	0.5428	0
synthetic_mock_not_results	primary	worm	full	worm-2020	2020	lr	5	5	0.6291	0.0136	0.5991	0.6591	0.3441	0.6479	0.5341	0
synthetic_mock_not_results	primary	worm	full	worm-2020	2020	svm	5	5	0.6480	0.0155	0.6140	0.6820	0.3630	0.6580	0.5530	0
synthetic_mock_not_results	primary	worm	full	worm-2020	2020	nn	5	5	0.6621	0.0118	0.6361	0.6881	0.3771	0.6654	0.5671	1
synthetic_mock_not_results	primary	worm	matched_both	worm-2020	2020	dt	5	5	0.5638	0.0136	0.5338	0.5938	0.2788	0.6133	0.4688	0
synthetic_mock_not_results	primary	worm	matched_both	worm-2020	2020	rf	5	5	0.6587	0.0155	0.6247	0.6927	0.3737	0.6636	0.5637	0
synthetic_mock_not_results	primary	worm	matched_both	worm-2020	2020	gb	5	5	0.6598	0.0118	0.6338	0.6858	0.3748	0.6642	0.5648	0
synthetic_mock_not_results	primary	worm	matched_both	worm-2020	2020	lr	5	5	0.6511	0.0136	0.6211	0.6811	0.3661	0.6596	0.5561	0
synthetic_mock_not_results	primary	worm	matched_both	worm-2020	2020	svm	5	5	0.6700	0.0155	0.6360	0.7040	0.3850	0.6696	0.5750	0
synthetic_mock_not_results	primary	worm	matched_both	worm-2020	2020	nn	5	5	0.6841	0.0118	0.6581	0.7101	0.3991	0.6771	0.5891	1
synthetic_mock_not_results	primary	worm	full	worm-2021	2021	dt	5	5	0.6062	0.0155	0.5722	0.6402	0.3212	0.6358	0.5112	0
synthetic_mock_not_results	primary	worm	full	worm-2021	2021	rf	5	5	0.6970	0.0118	0.6710	0.7230	0.4120	0.6839	0.6020	0
synthetic_mock_not_results	primary	worm	full	worm-2021	2021	gb	5	5	0.6921	0.0136	0.6621	0.7221	0.4071	0.6813	0.5971	0
synthetic_mock_not_results	primary	worm	full	worm-2021	2021	lr	5	5	0.6760	0.0155	0.6420	0.7100	0.3910	0.6728	0.5810	0
synthetic_mock_not_results	primary	worm	full	worm-2021	2021	svm	5	5	0.6866	0.0118	0.6606	0.7126	0.4016	0.6784	0.5916	0
synthetic_mock_not_results	primary	worm	full	worm-2021	2021	nn	5	5	0.6921	0.0136	0.6621	0.7221	0.4071	0.6813	0.5971	0
synthetic_mock_not_results	primary	worm	matched_both	worm-2021	2021	dt	5	5	0.6282	0.0155	0.5942	0.6622	0.3432	0.6475	0.5332	0
synthetic_mock_not_results	primary	worm	matched_both	worm-2021	2021	rf	5	5	0.7190	0.0118	0.6930	0.7450	0.4340	0.6956	0.6240	0
synthetic_mock_not_results	primary	worm	matched_both	worm-2021	2021	gb	5	5	0.7141	0.0136	0.6841	0.7441	0.4291	0.6930	0.6191	0
synthetic_mock_not_results	primary	worm	matched_both	worm-2021	2021	lr	5	5	0.6980	0.0155	0.6640	0.7320	0.4130	0.6844	0.6030	0
synthetic_mock_not_results	primary	worm	matched_both	worm-2021	2021	svm	5	5	0.7086	0.0118	0.6826	0.7346	0.4236	0.6901	0.6136	0
synthetic_mock_not_results	primary	worm	matched_both	worm-2021	2021	nn	5	5	0.7141	0.0136	0.6841	0.7441	0.4291	0.6930	0.6191	0
synthetic_mock_not_results	primary	worm	full	worm-2022	2022	dt	5	5	0.5857	0.0118	0.5597	0.6117	0.3007	0.6249	0.4907	0
synthetic_mock_not_results	primary	worm	full	worm-2022	2022	rf	5	5	0.6685	0.0136	0.6385	0.6985	0.3835	0.6688	0.5735	0
synthetic_mock_not_results	primary	worm	full	worm-2022	2022	gb	5	5	0.6550	0.0155	0.6210	0.6890	0.3700	0.6616	0.5600	0
synthetic_mock_not_results	primary	worm	full	worm-2022	2022	lr	5	5	0.6305	0.0118	0.6045	0.6565	0.3455	0.6487	0.5355	0
synthetic_mock_not_results	primary	worm	full	worm-2022	2022	svm	5	5	0.6336	0.0136	0.6036	0.6636	0.3486	0.6503	0.5386	0
synthetic_mock_not_results	primary	worm	full	worm-2022	2022	nn	5	5	0.6328	0.0155	0.5988	0.6668	0.3478	0.6499	0.5378	0
synthetic_mock_not_results	primary	worm	matched_both	worm-2022	2022	dt	5	5	0.6077	0.0118	0.5817	0.6337	0.3227	0.6366	0.5127	0
synthetic_mock_not_results	primary	worm	matched_both	worm-2022	2022	rf	5	5	0.6905	0.0136	0.6605	0.7205	0.4055	0.6804	0.5955	0
synthetic_mock_not_results	primary	worm	matched_both	worm-2022	2022	gb	5	5	0.6770	0.0155	0.6430	0.7110	0.3920	0.6733	0.5820	0
synthetic_mock_not_results	primary	worm	matched_both	worm-2022	2022	lr	5	5	0.6525	0.0118	0.6265	0.6785	0.3675	0.6603	0.5575	0
synthetic_mock_not_results	primary	worm	matched_both	worm-2022	2022	svm	5	5	0.6556	0.0136	0.6256	0.6856	0.3706	0.6620	0.5606	0
synthetic_mock_not_results	primary	worm	matched_both	worm-2022	2022	nn	5	5	0.6548	0.0155	0.6208	0.6888	0.3698	0.6615	0.5598	0
synthetic_mock_not_results	primary	worm	full	worm-2023	2023	dt	5	5	0.5780	0.0136	0.5480	0.6080	0.2930	0.6208	0.4830	0
synthetic_mock_not_results	primary	worm	full	worm-2023	2023	rf	5	5	0.6528	0.0155	0.6188	0.6868	0.3678	0.6605	0.5578	0
synthetic_mock_not_results	primary	worm	full	worm-2023	2023	gb	5	5	0.6325	0.0118	0.6065	0.6585	0.3475	0.6497	0.5375	0
synthetic_mock_not_results	primary	worm	full	worm-2023	2023	lr	5	5	0.6029	0.0136	0.5729	0.6329	0.3179	0.6341	0.5079	0
synthetic_mock_not_results	primary	worm	full	worm-2023	2023	svm	5	5	0.6028	0.0155	0.5688	0.6368	0.3178	0.6340	0.5078	0
synthetic_mock_not_results	primary	worm	full	worm-2023	2023	nn	5	5	0.6011	0.0118	0.5751	0.6271	0.3161	0.6331	0.5061	0
synthetic_mock_not_results	primary	worm	matched_both	worm-2023	2023	dt	5	5	0.6000	0.0136	0.5700	0.6300	0.3150	0.6325	0.5050	0
synthetic_mock_not_results	primary	worm	matched_both	worm-2023	2023	rf	5	5	0.6748	0.0155	0.6408	0.7088	0.3898	0.6721	0.5798	0
synthetic_mock_not_results	primary	worm	matched_both	worm-2023	2023	gb	5	5	0.6545	0.0118	0.6285	0.6805	0.3695	0.6614	0.5595	0
synthetic_mock_not_results	primary	worm	matched_both	worm-2023	2023	lr	5	5	0.6249	0.0136	0.5949	0.6549	0.3399	0.6457	0.5299	0
synthetic_mock_not_results	primary	worm	matched_both	worm-2023	2023	svm	5	5	0.6248	0.0155	0.5908	0.6588	0.3398	0.6457	0.5298	0
synthetic_mock_not_results	primary	worm	matched_both	worm-2023	2023	nn	5	5	0.6231	0.0118	0.5971	0.6491	0.3381	0.6447	0.5281	0
synthetic_mock_not_results	primary	worm	full	worm-2024	2024	dt	5	5	0.5869	0.0155	0.5529	0.6209	0.3019	0.6256	0.4919	0
synthetic_mock_not_results	primary	worm	full	worm-2024	2024	rf	5	5	0.6579	0.0118	0.6319	0.6839	0.3729	0.6632	0.5629	0
synthetic_mock_not_results	primary	worm	full	worm-2024	2024	gb	5	5	0.6359	0.0136	0.6059	0.6659	0.3509	0.6515	0.5409	0
synthetic_mock_not_results	primary	worm	full	worm-2024	2024	lr	5	5	0.6069	0.0155	0.5729	0.6409	0.3219	0.6362	0.5119	0
synthetic_mock_not_results	primary	worm	full	worm-2024	2024	svm	5	5	0.6096	0.0118	0.5836	0.6356	0.3246	0.6376	0.5146	0
synthetic_mock_not_results	primary	worm	full	worm-2024	2024	nn	5	5	0.6128	0.0136	0.5828	0.6428	0.3278	0.6393	0.5178	0
synthetic_mock_not_results	primary	worm	matched_both	worm-2024	2024	dt	5	5	0.6089	0.0155	0.5749	0.6429	0.3239	0.6372	0.5139	0
synthetic_mock_not_results	primary	worm	matched_both	worm-2024	2024	rf	5	5	0.6799	0.0118	0.6539	0.7059	0.3949	0.6748	0.5849	0
synthetic_mock_not_results	primary	worm	matched_both	worm-2024	2024	gb	5	5	0.6579	0.0136	0.6279	0.6879	0.3729	0.6632	0.5629	0
synthetic_mock_not_results	primary	worm	matched_both	worm-2024	2024	lr	5	5	0.6289	0.0155	0.5949	0.6629	0.3439	0.6478	0.5339	0
synthetic_mock_not_results	primary	worm	matched_both	worm-2024	2024	svm	5	5	0.6316	0.0118	0.6056	0.6576	0.3466	0.6493	0.5366	0
synthetic_mock_not_results	primary	worm	matched_both	worm-2024	2024	nn	5	5	0.6348	0.0136	0.6048	0.6648	0.3498	0.6509	0.5398	0
synthetic_mock_not_results	primary	worm	full	worm-2025	2025	dt	5	5	0.5204	0.0118	0.4944	0.5464	0.2354	0.5903	0.4254	0
synthetic_mock_not_results	primary	worm	full	worm-2025	2025	rf	5	5	0.5935	0.0136	0.5635	0.6235	0.3085	0.6290	0.4985	0
synthetic_mock_not_results	primary	worm	full	worm-2025	2025	gb	5	5	0.5758	0.0155	0.5418	0.6098	0.2908	0.6197	0.4808	0
synthetic_mock_not_results	primary	worm	full	worm-2025	2025	lr	5	5	0.5528	0.0118	0.5268	0.5788	0.2678	0.6075	0.4578	0
synthetic_mock_not_results	primary	worm	full	worm-2025	2025	svm	5	5	0.5630	0.0136	0.5330	0.5930	0.2780	0.6129	0.4680	0
synthetic_mock_not_results	primary	worm	full	worm-2025	2025	nn	5	5	0.5744	0.0155	0.5404	0.6084	0.2894	0.6190	0.4794	1
synthetic_mock_not_results	primary	worm	matched_both	worm-2025	2025	dt	5	5	0.5424	0.0118	0.5164	0.5684	0.2574	0.6020	0.4474	0
synthetic_mock_not_results	primary	worm	matched_both	worm-2025	2025	rf	5	5	0.6155	0.0136	0.5855	0.6455	0.3305	0.6407	0.5205	0
synthetic_mock_not_results	primary	worm	matched_both	worm-2025	2025	gb	5	5	0.5978	0.0155	0.5638	0.6318	0.3128	0.6313	0.5028	0
synthetic_mock_not_results	primary	worm	matched_both	worm-2025	2025	lr	5	5	0.5748	0.0118	0.5488	0.6008	0.2898	0.6192	0.4798	0
synthetic_mock_not_results	primary	worm	matched_both	worm-2025	2025	svm	5	5	0.5850	0.0136	0.5550	0.6150	0.3000	0.6246	0.4900	0
synthetic_mock_not_results	primary	worm	matched_both	worm-2025	2025	nn	5	5	0.5964	0.0155	0.5624	0.6304	0.3114	0.6306	0.5014	1
synthetic_mock_not_results	primary	yeast	full	yeast-2015	2015	dt	5	5	0.6711	0.0155	0.6371	0.7051	0.3861	0.6702	0.5761	0
synthetic_mock_not_results	primary	yeast	full	yeast-2015	2015	rf	5	5	0.7440	0.0118	0.7180	0.7700	0.4590	0.7088	0.6490	0
synthetic_mock_not_results	primary	yeast	full	yeast-2015	2015	gb	5	5	0.7262	0.0136	0.6962	0.7562	0.4412	0.6994	0.6312	0
synthetic_mock_not_results	primary	yeast	full	yeast-2015	2015	lr	5	5	0.7030	0.0155	0.6690	0.7370	0.4180	0.6871	0.6080	0
synthetic_mock_not_results	primary	yeast	full	yeast-2015	2015	svm	5	5	0.7130	0.0118	0.6870	0.7390	0.4280	0.6924	0.6180	0
synthetic_mock_not_results	primary	yeast	full	yeast-2015	2015	nn	5	5	0.7243	0.0136	0.6943	0.7543	0.4393	0.6984	0.6293	1
synthetic_mock_not_results	primary	yeast	matched_both	yeast-2015	2015	dt	5	5	0.6931	0.0155	0.6591	0.7271	0.4081	0.6818	0.5981	0
synthetic_mock_not_results	primary	yeast	matched_both	yeast-2015	2015	rf	5	5	0.7660	0.0118	0.7400	0.7920	0.4810	0.7205	0.6710	0
synthetic_mock_not_results	primary	yeast	matched_both	yeast-2015	2015	gb	5	5	0.7482	0.0136	0.7182	0.7782	0.4632	0.7110	0.6532	0
synthetic_mock_not_results	primary	yeast	matched_both	yeast-2015	2015	lr	5	5	0.7250	0.0155	0.6910	0.7590	0.4400	0.6988	0.6300	0
synthetic_mock_not_results	primary	yeast	matched_both	yeast-2015	2015	svm	5	5	0.7350	0.0118	0.7090	0.7610	0.4500	0.7041	0.6400	0
synthetic_mock_not_results	primary	yeast	matched_both	yeast-2015	2015	nn	5	5	0.7463	0.0136	0.7163	0.7763	0.4613	0.7100	0.6513	1
synthetic_mock_not_results	primary	yeast	full	yeast-2016	2016	dt	5	5	0.6494	0.0118	0.6234	0.6754	0.3644	0.6587	0.5544	0
synthetic_mock_not_results	primary	yeast	full	yeast-2016	2016	rf	5	5	0.7293	0.0136	0.6993	0.7593	0.4443	0.7010	0.6343	0
synthetic_mock_not_results	primary	yeast	full	yeast-2016	2016	gb	5	5	0.7195	0.0155	0.6855	0.7535	0.4345	0.6958	0.6245	0
synthetic_mock_not_results	primary	yeast	full	yeast-2016	2016	lr	5	5	0.7049	0.0118	0.6789	0.7309	0.4199	0.6881	0.6099	0
synthetic_mock_not_results	primary	yeast	full	yeast-2016	2016	svm	5	5	0.7232	0.0136	0.6932	0.7532	0.4382	0.6978	0.6282	0
synthetic_mock_not_results	primary	yeast	full	yeast-2016	2016	nn	5	5	0.7421	0.0155	0.7081	0.7761	0.4571	0.7078	0.6471	0
synthetic_mock_not_results	primary	yeast	matched_both	yeast-2016	2016	dt	5	5	0.6714	0.0118	0.6454	0.6974	0.3864	0.6704	0.5764	0
synthetic_mock_not_results	primary	yeast	matched_both	yeast-2016	2016	rf	5	5	0.7513	0.0136	0.7213	0.7813	0.4663	0.7127	0.6563	0
synthetic_mock_not_results	primary	yeast	matched_both	yeast-2016	2016	gb	5	5	0.7415	0.0155	0.7075	0.7755	0.4565	0.7075	0.6465	0
synthetic_mock_not_results	primary	yeast	matched_both	yeast-2016	2016	lr	5	5	0.7269	0.0118	0.7009	0.7529	0.4419	0.6997	0.6319	0
synthetic_mock_not_results	primary	yeast	matched_both	yeast-2016	2016	svm	5	5	0.7452	0.0136	0.7152	0.7752	0.4602	0.7095	0.6502	0
synthetic_mock_not_results	primary	yeast	matched_both	yeast-2016	2016	nn	5	5	0.7641	0.0155	0.7301	0.7981	0.4791	0.7195	0.6691	0
synthetic_mock_not_results	primary	yeast	full	yeast-2017	2017	dt	5	5	0.6484	0.0136	0.6184	0.6784	0.3634	0.6581	0.5534	0
synthetic_mock_not_results	primary	yeast	full	yeast-2017	2017	rf	5	5	0.7368	0.0155	0.7028	0.7708	0.4518	0.7050	0.6418	0
synthetic_mock_not_results	primary	yeast	full	yeast-2017	2017	gb	5	5	0.7349	0.0118	0.7089	0.7609	0.4499	0.7040	0.6399	0
synthetic_mock_not_results	primary	yeast	full	yeast-2017	2017	lr	5	5	0.7271	0.0136	0.6971	0.7571	0.4421	0.6999	0.6321	0
synthetic_mock_not_results	primary	yeast	full	yeast-2017	2017	svm	5	5	0.7507	0.0155	0.7167	0.7847	0.4657	0.7124	0.6557	0
synthetic_mock_not_results	primary	yeast	full	yeast-2017	2017	nn	5	5	0.7728	0.0118	0.7468	0.7988	0.4878	0.7241	0.6778	0
synthetic_mock_not_results	primary	yeast	matched_both	yeast-2017	2017	dt	5	5	0.6704	0.0136	0.6404	0.7004	0.3854	0.6698	0.5754	0
synthetic_mock_not_results	primary	yeast	matched_both	yeast-2017	2017	rf	5	5	0.7588	0.0155	0.7248	0.7928	0.4738	0.7167	0.6638	0
synthetic_mock_not_results	primary	yeast	matched_both	yeast-2017	2017	gb	5	5	0.7569	0.0118	0.7309	0.7829	0.4719	0.7157	0.6619	0
synthetic_mock_not_results	primary	yeast	matched_both	yeast-2017	2017	lr	5	5	0.7491	0.0136	0.7191	0.7791	0.4641	0.7115	0.6541	0
synthetic_mock_not_results	primary	yeast	matched_both	yeast-2017	2017	svm	5	5	0.7727	0.0155	0.7387	0.8067	0.4877	0.7240	0.6777	0
synthetic_mock_not_results	primary	yeast	matched_both	yeast-2017	2017	nn	5	5	0.7948	0.0118	0.7688	0.8208	0.5098	0.7357	0.6998	0
synthetic_mock_not_results	primary	yeast	full	yeast-2024	2024	dt	5	5	0.6986	0.0155	0.6646	0.7326	0.4136	0.6847	0.6036	0
synthetic_mock_not_results	primary	yeast	full	yeast-2024	2024	rf	5	5	0.7731	0.0118	0.7471	0.7991	0.4881	0.7242	0.6781	0
synthetic_mock_not_results	primary	yeast	full	yeast-2024	2024	gb	5	5	0.7571	0.0136	0.7271	0.7871	0.4721	0.7158	0.6621	0
synthetic_mock_not_results	primary	yeast	full	yeast-2024	2024	lr	5	5	0.7363	0.0155	0.7023	0.7703	0.4513	0.7047	0.6413	0
synthetic_mock_not_results	primary	yeast	full	yeast-2024	2024	svm	5	5	0.7486	0.0118	0.7226	0.7746	0.4636	0.7113	0.6536	0
synthetic_mock_not_results	primary	yeast	full	yeast-2024	2024	nn	5	5	0.7622	0.0136	0.7322	0.7922	0.4772	0.7185	0.6672	0
synthetic_mock_not_results	primary	yeast	matched_both	yeast-2024	2024	dt	5	5	0.7206	0.0155	0.6866	0.7546	0.4356	0.6964	0.6256	0
synthetic_mock_not_results	primary	yeast	matched_both	yeast-2024	2024	rf	5	5	0.7951	0.0118	0.7691	0.8211	0.5101	0.7359	0.7001	0
synthetic_mock_not_results	primary	yeast	matched_both	yeast-2024	2024	gb	5	5	0.7791	0.0136	0.7491	0.8091	0.4941	0.7274	0.6841	0
synthetic_mock_not_results	primary	yeast	matched_both	yeast-2024	2024	lr	5	5	0.7583	0.0155	0.7243	0.7923	0.4733	0.7164	0.6633	0
synthetic_mock_not_results	primary	yeast	matched_both	yeast-2024	2024	svm	5	5	0.7706	0.0118	0.7446	0.7966	0.4856	0.7229	0.6756	0
synthetic_mock_not_results	primary	yeast	matched_both	yeast-2024	2024	nn	5	5	0.7842	0.0136	0.7542	0.8142	0.4992	0.7301	0.6892	0
synthetic_mock_not_results	primary	yeast	full	yeast-2025	2025	dt	5	5	0.6469	0.0118	0.6209	0.6729	0.3619	0.6573	0.5519	0
synthetic_mock_not_results	primary	yeast	full	yeast-2025	2025	rf	5	5	0.7291	0.0136	0.6991	0.7591	0.4441	0.7009	0.6341	0
synthetic_mock_not_results	primary	yeast	full	yeast-2025	2025	gb	5	5	0.7216	0.0155	0.6876	0.7556	0.4366	0.6970	0.6266	0
synthetic_mock_not_results	primary	yeast	full	yeast-2025	2025	lr	5	5	0.7092	0.0118	0.6832	0.7352	0.4242	0.6904	0.6142	0
synthetic_mock_not_results	primary	yeast	full	yeast-2025	2025	svm	5	5	0.7295	0.0136	0.6995	0.7595	0.4445	0.7011	0.6345	0
synthetic_mock_not_results	primary	yeast	full	yeast-2025	2025	nn	5	5	0.7498	0.0155	0.7158	0.7838	0.4648	0.7119	0.6548	1
synthetic_mock_not_results	primary	yeast	matched_both	yeast-2025	2025	dt	5	5	0.6689	0.0118	0.6429	0.6949	0.3839	0.6690	0.5739	0
synthetic_mock_not_results	primary	yeast	matched_both	yeast-2025	2025	rf	5	5	0.7511	0.0136	0.7211	0.7811	0.4661	0.7126	0.6561	0
synthetic_mock_not_results	primary	yeast	matched_both	yeast-2025	2025	gb	5	5	0.7436	0.0155	0.7096	0.7776	0.4586	0.7086	0.6486	0
synthetic_mock_not_results	primary	yeast	matched_both	yeast-2025	2025	lr	5	5	0.7312	0.0118	0.7052	0.7572	0.4462	0.7021	0.6362	0
synthetic_mock_not_results	primary	yeast	matched_both	yeast-2025	2025	svm	5	5	0.7515	0.0136	0.7215	0.7815	0.4665	0.7128	0.6565	0
synthetic_mock_not_results	primary	yeast	matched_both	yeast-2025	2025	nn	5	5	0.7718	0.0155	0.7378	0.8058	0.4868	0.7236	0.6768	1
