"Homozygous - Lethal","337"
"Homozygous - Subviable","162"
"Homozygous - Viable","953"

"Gene","Colony","Category"
"Olah","BL2428","Homozygous - Viable"
"Ccl9","BL1469","Homozygous - Viable"
"Ccdc120","JR18591","Homozygous - Viable"
"Sorbs2","JR22780","Homozygous - Viable"
"Carf","JR24516","Homozygous - Viable"
"Tatdn3","MEKD","Homozygous - Viable"
"Syt16","MFJL","Homozygous - Viable"
"Zfp42","JR23023","Homozygous - Viable"
"Rbmx","MEJH","Homozygous - Viable"
"Cdk4","TCPA0701Cre","Homozygous - Subviable"
"Tulp3","H-TULP3-B01-TM1B","Homozygous - Lethal"
"Fus","UCD-11866A-C7-1-1","Homozygous - Lethal"
"Rbsn","MDTY","Homozygous - Lethal"
"Myrfl","MDXJ","Homozygous - Viable"
"Tctex1d2","MFYD","Homozygous - Viable"
"A830005F24Rik","ET8308","Homozygous - Viable"
"Lama4","BL3706","Homozygous - Viable"
"Casp4","BL3518","Homozygous - Viable"
"Cd84","JR24040","Homozygous - Viable"
"Cp","JR21485","Homozygous - Viable"
"Usp21","MECN","Homozygous - Viable"
"Dapk1","H-Dapk1-B11-TM1B","Homozygous - Viable"
"Mmp8","JR22092","Homozygous - Viable"
"Pdpn","H-PDPN-A10-TM1B","Homozygous - Subviable"
"Srsf7","MFJE","Homozygous - Lethal"
"Orc3","MDJJ","Homozygous - Lethal"
"Zfp719","MUAW","Homozygous - Viable"
"Pik3c2a","TCPA0120Cre","Homozygous - Lethal"
"4930449E01Rik","MFCS","Homozygous - Viable"
"Acvr2a","BL3450","Homozygous - Subviable"
"Pfn4","BL3135","Homozygous - Viable"
"Hacl1","ET7986","Homozygous - Viable"
"Kctd15","IP00005100a","Homozygous - Lethal"
"Otub1","IP00005148a","Homozygous - Lethal"
"Glp1r","H-GLP1R-F05-TM1B","Homozygous - Viable"
"Pxdc1","TCPA0002Cre","Homozygous - Viable"
"Ahsg","BL3485","Homozygous - Viable"
"Baz1a","TCPM0219Cre","Homozygous - Viable"
"Stra6l","ET7870","Homozygous - Viable"
"Samd9l","BL2311","Homozygous - Viable"
"Tm4sf4","BL2273","Homozygous - Viable"
"Otub1","H-Otub1-A05-TM1B","Homozygous - Lethal"
"Izumo1r","RIKEN-EPD0094_3_F07","Homozygous - Viable"
"Pop4","MEQK","Homozygous - Lethal"
"4930591A17Rik","MFCL","Homozygous - Viable"
"Setd5","MEFW","Homozygous - Lethal"
"Ccdc159","MEZZ","Homozygous - Viable"
"Vps72","MFUE","Homozygous - Lethal"
"Hacl1","MDRQ","Homozygous - Viable"
"Cpsf3","MEHJ","Homozygous - Lethal"
"Trim29","MEJT","Homozygous - Viable"
"Nxn","JR24233","Homozygous - Lethal"
"Ndufa8","GSF-HEPD0509_8_C03-1-1","Homozygous - Lethal"
"Rfc1","JR23072","Homozygous - Lethal"
"Npc2","TCPM0216Cre","Homozygous - Viable"
"Mmp16","H-MMP16-A10-TM1B","Homozygous - Viable"
"Adh5","H-Adh5-G04-TM1B","Homozygous - Viable"
"Gbf1","MDRZ","Homozygous - Lethal"
"Adar","JR22334","Homozygous - Lethal"
"Gnb5","JR24058","Homozygous - Subviable"
"Htr1a","JR18617","Homozygous - Viable"
"Slc45a3","BL2223","Homozygous - Viable"
"Gpsm1","BL3679","Homozygous - Viable"
"Btnl1","TCPA0169Cre","Homozygous - Viable"
"Kng2","MCYF","Homozygous - Viable"
"Tspan18","JR21483","Homozygous - Viable"
"Pfn1","MAOH","Homozygous - Lethal"
"Kcnc2","BL3533","Homozygous - Viable"
"Coro1a","BL3641","Homozygous - Viable"
"Recql4","BL3801","Homozygous - Lethal"
"Rab36","JR23664","Homozygous - Viable"
"Polr2h","JR23306","Homozygous - Lethal"
"Hfe2","JR24947","Homozygous - Viable"
"Brms1","JR24348","Homozygous - Subviable"
"Raf1","IP00005473a","Homozygous - Lethal"
"Nol8","ICS-HEPD0531_3_B10-1","Homozygous - Lethal"
"Slit1","H-SLIT1-H12-TM1B","Homozygous - Viable"
"Ucp1","HMGU-HEPD0676_4_E07-1-1","Homozygous - Viable"
"Btbd9","HMGU-EPD0631_3_A09-1-1","Homozygous - Viable"
"Pthlh","MFMW","Homozygous - Lethal"
"Klk9","MEUJ","Homozygous - Viable"
"Exoc3l2","MEKM","Homozygous - Viable"
"Acsl5","BL3214","Homozygous - Viable"
"Mcam","BL2151","Homozygous - Viable"
"Srd5a3","JR24184","Homozygous - Lethal"
"Pycr1","JR23667","Homozygous - Viable"
"Exosc3","BL4029","Homozygous - Subviable"
"Nudt14","BL2301","Homozygous - Viable"
"Slc8a3","JR24409","Homozygous - Viable"
"Rsph9","UCD-15851A-C9-2-1","Homozygous - Subviable"
"Ube2j1","RIKEN-N02070P1_C_236W_B6","Homozygous - Viable"
"Rln3","RIKEN-DEPD00503_4_A06","Homozygous - Viable"
"3110035E14Rik","TCPA0050Cre","Homozygous - Viable"
"Natd1","MUBX","Homozygous - Viable"
"1700042B14Rik","MECS","Homozygous - Viable"
"Sh2d5","MEMX","Homozygous - Viable"
"Gpnmb","JR18554","Homozygous - Viable"
"Gpsm3","ET8221","Homozygous - Viable"
"Oas1g","ET7898","Homozygous - Lethal"
"Nampt","BL3798","Homozygous - Lethal"
"Unc119b","BL3750","Homozygous - Viable"
"Pfkfb4","MERN","Homozygous - Viable"
"4930402H24Rik","TCPA0563Cre","Homozygous - Viable"
"Knstrn","IP00004891a","Homozygous - Viable"
"Tcp11","MFMT","Homozygous - Viable"
"Epb4.1l4a","PH21753","Homozygous - Viable"
"P3h3","BL1321","Homozygous - Viable"
"Ang6","BL3843","Homozygous - Viable"
"Klhl8","BL1842","Homozygous - Viable"
"Rab5a","JR22387","Homozygous - Viable"
"Slfn1","BL3630","Homozygous - Subviable"
"Arvcf","MDEY","Homozygous - Viable"
"Gldc","MDSB","Homozygous - Lethal"
"Gprc5b","MDYT","Homozygous - Viable"
"Ube2c","JR22817","Homozygous - Lethal"
"Nrcam","JR18645","Homozygous - Viable"
"Otoa","BL2531","Homozygous - Viable"
"Abo","BL2425","Homozygous - Viable"
"Cyp3a11","MEGZ","Homozygous - Viable"
"Dbndd2","TCPM0203Cre","Homozygous - Viable"
"Arhgef28","H-ARHGEF28-D06-TM1B","Homozygous - Viable"
"Ppap2b","H-PPAP2b-D11-TM1B","Homozygous - Lethal"
"Tcaim","H-TCAIM-B11-TM1B","Homozygous - Viable"
"Smyd5","MEBR","Homozygous - Viable"
"Dmxl2","MDTX","Homozygous - Lethal"
"Usp3","H-USP3-A11-TM1B","Homozygous - Subviable"
"Reg2","ET3612","Homozygous - Viable"
"Panx2","BL3283","Homozygous - Viable"
"Dph2","MDKG","Homozygous - Lethal"
"Tmem126a","MEJS","Homozygous - Viable"
"Medag","MUDW","Homozygous - Viable"
"Wnt10a","BL2529","Homozygous - Viable"
"Popdc3","BL2949","Homozygous - Viable"
"Ino80b","BL3001","Homozygous - Lethal"
"Nphp1","BL3586","Homozygous - Viable"
"Rasa3","JR23423","Homozygous - Lethal"
"Tmem136","JR18629","Homozygous - Viable"
"Dnase1l2","JR21508","Homozygous - Viable"
"Cyp20a1","MEPM","Homozygous - Viable"
"Entpd1","GSF-EPD0156_1_B01-1-1","Homozygous - Viable"
"Mcf2l","MFPT","Homozygous - Viable"
"Spop","TCPA0016Cre","Homozygous - Lethal"
"Fabp1","H-Fabp1-A05-TM1B","Homozygous - Viable"
"Katnb1","H-KATNB1-B09-TM1B","Homozygous - Lethal"
"Asb10","JR18660","Homozygous - Viable"
"Angptl4","H-ANGPTL4-E04-TM1B","Homozygous - Viable"
"Mybphl","MUAF","Homozygous - Subviable"
"Jmjd1c","MDGL","Homozygous - Subviable"
"Asb15","BL2461","Homozygous - Viable"
"Slc52a2","UCD-13532A-D11-1-1","Homozygous - Lethal"
"Ahcy","TCPA0663Cre","Homozygous - Lethal"
"Man2b2","MUAJ","Homozygous - Viable"
"Spopl","MEAL","Homozygous - Viable"
"Entpd6","MFBZ","Homozygous - Viable"
"Mxra7","H-Mxra7-G06-TM1B","Homozygous - Viable"
"Nat1","JR23599","Homozygous - Viable"
"Rnf10","H-RNF10-A10-TM1B","Homozygous - Viable"
"Gnpda1","TCPM0189Cre","Homozygous - Lethal"
"Arl10","BL1672","Homozygous - Viable"
"Rasd1","BL3486","Homozygous - Viable"
"Frmd7","MDZG","Homozygous - Viable"
"Dnmt3a","MFCH","Homozygous - Viable"
"Bzw2","JR18653","Homozygous - Viable"
"Irf8","JR18655","Homozygous - Viable"
"Casq2","BL3707","Homozygous - Lethal"
"Arl8b","TCPA0758Cre","Homozygous - Subviable"
"Rsf1","TCPM0719Cre","Homozygous - Lethal"
"Mapk11","H-MAPK11-C08-TM1B","Homozygous - Viable"
"Dnase1l2","H-DNASE1L2-A10-TM1-1","Homozygous - Viable"
"Gad2","GSF-EPD0363_5_D12-1-1","Homozygous - Viable"
"Cacna1b","H-CACNA1B-A07-TM1B","Homozygous - Viable"
"Ralgapb","MEAV","Homozygous - Lethal"
"Ogdh","MFEE","Homozygous - Lethal"
"Nxn","IP00005258a","Homozygous - Lethal"
"Yipf5","IP00005029a","Homozygous - Lethal"
"Lyplal1","H-LYPLAL1-A06-TM1B","Homozygous - Viable"
"Synm","BL1765","Homozygous - Viable"
"Dnase1l2","ET6691","Homozygous - Viable"
"Wbp5","MEGM","Homozygous - Viable"
"Rpgrip1l","MDLW","Homozygous - Lethal"
"Tango6","H-TANGO6-D06-TM1B","Homozygous - Lethal"
"Mtch2","H-Mtch2-C06-TM1B","Homozygous - Lethal"
"Car7","JR23283","Homozygous - Viable"
"Slc7a11","IP00005337a","Homozygous - Viable"
"Mmp9","IP00005555a","Homozygous - Viable"
"","UCD-EPD0177_1_E09-1-1","Homozygous - Lethal"
"Osm","JR22338","Homozygous - Viable"
"Aldh16a1","MBWA","Homozygous - Viable"
"Wdr37","MCZD","Homozygous - Viable"
"Pdxk","MEDH","Homozygous - Lethal"
"Mpo","H-MPO-C03-TM1B","Homozygous - Viable"
"Marveld2","H-MARVELD2-G11-TM1B","Homozygous - Viable"
"Ovol1","JR23663","Homozygous - Subviable"
"Secisbp2","MRRT","Homozygous - Viable"
"Pabpc4","MEBQ","Homozygous - Viable"
"Prdm10","IP00004970a","Homozygous - Lethal"
"Mid1ip1","BL2378","Homozygous - Viable"
"Sh3bp2","TCPA0712Cre","Homozygous - Viable"
"Rnf216","TCPM0581Cre","Homozygous - Viable"
"Mtnr1b","BL1997","Homozygous - Viable"
"N4bp3","BL2410","Homozygous - Viable"
"Myo10","MFQX","Homozygous - Viable"
"Dsg1b","MERP","Homozygous - Viable"
"D630023F18Rik","MUDD","Homozygous - Subviable"
"Rora","HMGU-EPD0157_5_B01-1-1","Homozygous - Subviable"
"Elmod1","H-ELMOD1-E10-TM1B","Homozygous - Viable"
"Fbln7","BL3700","Homozygous - Viable"
"Fpr1","BL3425","Homozygous - Viable"
"Cacna1s","JR22783","Homozygous - Lethal"
"Alox12e","MUCA","Homozygous - Viable"
"Ccdc24","MFCA","Homozygous - Viable"
"3110043O21Rik","BL3210","Homozygous - Viable"
"4933427D14Rik","JR24041","Homozygous - Lethal"
"Rassf8","BL4157","Homozygous - Subviable"
"Cnr1","BL3395","Homozygous - Subviable"
"Stard8","MUAL","Homozygous - Viable"
"N6amt2","MFTF","Homozygous - Viable"
"Uri1","MFEW","Homozygous - Viable"
"Ghsr","JR18595","Homozygous - Viable"
"Furin","H-Furin-A12-TM1B","Homozygous - Lethal"
"C1qb","JR22013","Homozygous - Viable"
"Il6st","JR22388","Homozygous - Viable"
"Arrb1","JR22420","Homozygous - Viable"
"Cox7a1","TCPM0707Cre","Homozygous - Viable"
"Ick","BL3023","Homozygous - Viable"
"Rbp4","BL2455","Homozygous - Viable"
"Dmap1","JR18565","Homozygous - Lethal"
"Cbx5","MCTN","Homozygous - Subviable"
"Rhbdl3","H-Rhbdl3-C11-TM1B","Homozygous - Subviable"
"Chtop","MFUD","Homozygous - Lethal"
"1700123O20Rik","MGBX","Homozygous - Viable"
"Tcf7l2","MEYN","Homozygous - Lethal"
"Os9","MEFC","Homozygous - Viable"
"Ppp1r9b","JR18609","Homozygous - Viable"
"Syn3","JR23665","Homozygous - Viable"
"Clk1","MDFE","Homozygous - Viable"
"Slc9a3","TCPA0699Cre","Homozygous - Viable"
"Cybb","H-CYBB-C11-TM1B","Homozygous - Viable"
"Prkab2","H-PRKAB2-C09-TM1B","Homozygous - Subviable"
"Inpp1","MNPP","Homozygous - Viable"
"Apol7a","MDWB","Homozygous - Viable"
"Ethe1","ETHE1","Homozygous - Subviable"
"Dnajc21","TCPA0778Cre","Homozygous - Viable"
"Faim3","BL2570Cre","Homozygous - Viable"
"A2m","TCPA0687Cre","Homozygous - Viable"
"Dpyd","TCPA0056Cre","Homozygous - Viable"
"Sag","MDDR","Homozygous - Viable"
"Mospd1","MGHQ","Homozygous - Viable"
"Pabpn1l","MDVY","Homozygous - Viable"
"Pkd1l2","H-Pkd1l2-A09-TM1B","Homozygous - Viable"
"Cib2","H-CIB2-D04-TM1B","Homozygous - Viable"
"Galc","TCPM0187Cre","Homozygous - Viable"
"Acvr1b","UCD-11377A-A5-2-1","Homozygous - Lethal"
"Kif26b","JR22085","Homozygous - Lethal"
"Dsc2","MDZL","Homozygous - Viable"
"Dusp5","MFAJ","Homozygous - Viable"
"Cox19","TCPA0108Cre","Homozygous - Lethal"
"Fyb","Monterotondo-HEPD0569_8_D07-1-1","Homozygous - Viable"
"Galp","RIKEN-Galp-E05_","Homozygous - Viable"
"Kcnk18","ET7863","Homozygous - Viable"
"Prodh","BL2396","Homozygous - Viable"
"B020004J07Rik","TCPA0048Cre","Homozygous - Viable"
"5830411N06Rik","BL3037","Homozygous - Viable"
"Gpr116","TCPA0138Cre","Homozygous - Viable"
"Epdr1","TCPA0678Cre","Homozygous - Viable"
"Ewsr1","TCPA0155Cre","Homozygous - Lethal"
"Nxn","ET6690_TCP","Homozygous - Lethal"
"Mllt3","H-Mllt3-B06-TM1B","Homozygous - Lethal"
"Cdkal1","HMGU-EPD0635_1_F06-1-1","Homozygous - Viable"
"Eef2kmt","Monterotondo-EPD0146_4_A06-1-1","Homozygous - Viable"
"Serinc3","MFXJ","Homozygous - Viable"
"Bach1","JR22087","Homozygous - Subviable"
"Dcaf10","JR24117","Homozygous - Viable"
"Dcps","JR23604","Homozygous - Lethal"
"Rgs5","H-RGS5-B12-TM1B","Homozygous - Viable"
"Abcb11","GSF-HEPD0507_7_B05-1-3","Homozygous - Subviable"
"Txndc5","BL3824","Homozygous - Viable"
"Tmem256","BL1324","Homozygous - Viable"
"Btrc","H-Btrc-B11-TM1B-2","Homozygous - Viable"
"Phyh","TCPM0717Cre","Homozygous - Viable"
"Aff3","MCND","Homozygous - Viable"
"Zdhhc24","H-Zdhhc24-C08-TM1B","Homozygous - Viable"
"Cmip","MEWD","Homozygous - Lethal"
"Kdm7a","MDVT","Homozygous - Viable"
"A430005L14Rik","MEVK","Homozygous - Viable"
"Atp6v1d","TCPA0536Cre","Homozygous - Lethal"
"Xbp1","MDFD","Homozygous - Lethal"
"Fundc1","MFUN","Homozygous - Viable"
"Traf2","MFVP","Homozygous - Lethal"
"Nubpl","MUBJ","Homozygous - Lethal"
"Lztr1","MDLF","Homozygous - Lethal"
"Dcbld2","MFTX","Homozygous - Viable"
"Edc4","MFAD","Homozygous - Lethal"
"Ndufb8","MFHG","Homozygous - Lethal"
"Pcx","HMGU-EPD0241_5_E07-1-1","Homozygous - Lethal"
"Nsg1","BL1824","Homozygous - Viable"
"Ptdss1","IP00005133a","Homozygous - Viable"
"Gpr107","MEFV","Homozygous - Lethal"
"Cpe","GSF-HEPD0594_7_A02-1-1","Homozygous - Viable"
"Dnal4","IP00005194a","Homozygous - Subviable"
"Setx","IP00005514a","Homozygous - Viable"
"Smc5","IP00005492a","Homozygous - Lethal"
"Tbkbp1","H-TBKBP1-A04-TM1B","Homozygous - Viable"
"Hsf1","JR18582","Homozygous - Subviable"
"Htr1d","JR24347","Homozygous - Viable"
"Mapkbp1","H-MAPKBP1-H02-TM1B","Homozygous - Viable"
"Sirt3","MDCL","Homozygous - Viable"
"Pax7","JR23412","Homozygous - Subviable"
"Cmtm4","MDLQ","Homozygous - Viable"
"Gipc3","JR18643","Homozygous - Viable"
"Zranb1","MFPS","Homozygous - Viable"
"Chn1","JR18603","Homozygous - Viable"
"Frrs1","MELS","Homozygous - Subviable"
"Gpx1","BL3596","Homozygous - Viable"
"Ramp1","H-RAMP1-B11-TM1B","Homozygous - Viable"
"Tpgs2","JR21752","Homozygous - Viable"
"Elmo1","MEFU","Homozygous - Viable"
"Kifap3","MCKW","Homozygous - Lethal"
"Pced1a","MUCD","Homozygous - Viable"
"Htra4","BL1512","Homozygous - Viable"
"Nudt19","ET8254","Homozygous - Viable"
"Gm13547","MDHP","Homozygous - Viable"
"Rest","HMGU-EPD0156_1_D10-1-1","Homozygous - Lethal"
"Cpa2","GSF-HEPD0509_3_H12-1-1","Homozygous - Viable"
"Lpo","GSF-EPD0215_3_D03-1-1","Homozygous - Viable"
"Ndfip2","GSF-HEPD0550_6_G09-1-1","Homozygous - Viable"
"Arhgef38","MEWJ","Homozygous - Viable"
"Trem1","MFZX","Homozygous - Viable"
"Pdzd3","METD","Homozygous - Viable"
"Zfp260","TCPA0567Cre","Homozygous - Viable"
"Slc5a7","MFED","Homozygous - Lethal"
"Mthfsl","HMGU-HEPD0550_2_B06-1-1","Homozygous - Viable"
"Tram2","MFKX","Homozygous - Subviable"
"Xxylt1","MFVL","Homozygous - Viable"
"Med11","JR22100","Homozygous - Lethal"
"","UCD-EPD0098_3_H05-2-1","Homozygous - Subviable"
"Slc39a5","BL1656","Homozygous - Viable"
"Ggnbp2","TCPA0058Cre","Homozygous - Subviable"
"Nab2","IP00004904a","Homozygous - Viable"
"Ncs1","IP00005030a","Homozygous - Subviable"
"Ube2e2","H-Ube2e2-A11-TM1B","Homozygous - Viable"
"C1qa","JR22307","Homozygous - Viable"
"Lsm1","HMGU-HEPD0702_3_G05-1-1","Homozygous - Subviable"
"Fam216a","HMGU-HEPD0675_7_F06-1-1","Homozygous - Viable"
"Cast","JR23393","Homozygous - Viable"
"Selk","MEEH","Homozygous - Viable"
"Gm13125","MUDJ","Homozygous - Viable"
"Rabl2","BL3208","Homozygous - Viable"
"Baiap2l2","IP00004537a","Homozygous - Viable"
"Gm12258","IP00004866a","Homozygous - Viable"
"Fam63a","H-FAM63a-H01-TM1B","Homozygous - Viable"
"Ccnb1","H-CCNB1-E11-TM1B","Homozygous - Lethal"
"Entpd8","BL3369","Homozygous - Viable"
"1110037F02Rik","MEYX","Homozygous - Lethal"
"Defb22","MFXV","Homozygous - Viable"
"Mrps25","JR18635","Homozygous - Lethal"
"Eomes","H-EOMES-G05-TM1B","Homozygous - Lethal"
"Rnf10","ET6713_TCP","Homozygous - Subviable"
"Psen1","JR24025","Homozygous - Lethal"
"Tprn","JR18606","Homozygous - Viable"
"Ap3s2","H-Ap3s2-B08-TM1B","Homozygous - Viable"
"Pex26","ET7871","Homozygous - Lethal"
"Phtf2","MDTN","Homozygous - Viable"
"C1qtnf5","JR18562","Homozygous - Viable"
"Nhlh2","TCPA0052Cre","Homozygous - Viable"
"Slc25a35","JR23414","Homozygous - Viable"
"Pla2g2e","HMGU-EPD0378_2_E10-1-1","Homozygous - Viable"
"Prame","MEJQ","Homozygous - Viable"
"B9d2","MCZV","Homozygous - Lethal"
"Nxn","H-NXN-B11-TM1B","Homozygous - Lethal"
"Atrip","JR22305","Homozygous - Lethal"
"Anxa9","MUBO","Homozygous - Viable"
"Sh3tc2","JR21142","Homozygous - Viable"
"Gfpt1","H-GFPT1-H11-TM1B","Homozygous - Lethal"
"Sdhb","H4339-HEPD0746_5_A12-1","Homozygous - Lethal"
"Crispld2","BL3733","Homozygous - Lethal"
"Crlf3","MLFC","Homozygous - Viable"
"Ctso","H-CTSO-G04-TM1B","Homozygous - Viable"
"Scn4a","H-Scn4a-H11-TM1B","Homozygous - Lethal"
"Dpp9","Monterotondo-HEPD0534_4_B11-1-1","Homozygous - Lethal"
"Ap3s1","H4348-HEPD0632_3_G10-1","Homozygous - Viable"
"Aqp6","HMGU-HEPD0753_1_H05-1-1","Homozygous - Viable"
"Tatdn3","MUAS","Homozygous - Viable"
"Coro1c","MDWY","Homozygous - Viable"
"Mrm1","MFRT","Homozygous - Subviable"
"Acvr1","BL3519","Homozygous - Lethal"
"Cnot6","MCQP","Homozygous - Subviable"
"Lgals3","H-LGALS3-A09-TM1B","Homozygous - Viable"
"Sdha","JR23136","Homozygous - Lethal"
"Ermp1","JR23489","Homozygous - Viable"
"Il10rb","MDNU","Homozygous - Viable"
"Fpr3","IP00005513a","Homozygous - Viable"
"Ercc3","TCPA0685Cre","Homozygous - Lethal"
"Aktip","TCPM0215Cre","Homozygous - Viable"
"Coq4","MCZX","Homozygous - Lethal"
"Rint1","JR21141","Homozygous - Lethal"
"Ovgp1","H-OVGP1-H07-TM1B","Homozygous - Viable"
"Zfp207","H-ZFP207-E04-TM1B","Homozygous - Lethal"
"Prkab1","MUCJ","Homozygous - Viable"
"Chd1","TCPA0039Cre","Homozygous - Lethal"
"Plk1","TCPA0148Cre","Homozygous - Lethal"
"Ctsd","IP00005224a","Homozygous - Subviable"
"Rab19","IP00005134a","Homozygous - Viable"
"2610318N02Rik","MUBP","Homozygous - Viable"
"Leprot","MUAX","Homozygous - Viable"
"Acbd3","H4344-HEPD0637_3_G08-1","Homozygous - Lethal"
"Fam53b","Monterotondo-HEPD0667_7_D08-1-1","Homozygous - Viable"
"Palb2","JR22095","Homozygous - Lethal"
"Cacna2d3","JR22418","Homozygous - Viable"
"H2-Eb1","MFEH","Homozygous - Viable"
"Ralb","MDTQ","Homozygous - Viable"
"Hsf4","JR21902","Homozygous - Viable"
"Siva1","H4642-HEPD0636_6_G01-1","Homozygous - Viable"
"Ccdc33","BL2479","Homozygous - Viable"
"Ap2a2","MUAC","Homozygous - Viable"
"Rtbdn","MCBN","Homozygous - Viable"
"Myoz1","GSF-HEPD0534_5_A02-1-1","Homozygous - Viable"
"Cdc20","JR18590","Homozygous - Lethal"
"Ska2","JR23511","Homozygous - Lethal"
"BC055324","H-BC055324-A04-TM1B","Homozygous - Lethal"
"Kif20a","HMGU-HEPD0652_8_C02-2-1","Homozygous - Lethal"
"Pgs1","HMGU-HEPD0612_1_H03-1-1","Homozygous - Lethal"
"Dlec1","GSF-EPD0183_3_F08-1-1","Homozygous - Viable"
"Gpr33","H-GPR33-A05-TM1B","Homozygous - Viable"
"Lpin2","TCPA0012Cre","Homozygous - Viable"
"Mthfd2l","H-MTHFD2L-C08-TM1B","Homozygous - Viable"
"Ctnnbip1","H-CTNNBIP1-G10-Tm1B","Homozygous - Subviable"
"Mybphl","MEHZ","Homozygous - Subviable"
"Hsf2bp","Monterotondo-HEPD0520_6_B03-1-1","Homozygous - Viable"
"Spns2","MCSR","Homozygous - Viable"
"Khdrbs3","HMGU-HEPD0688_8_C05-1-1","Homozygous - Viable"
"Nxn","GSF-EPD0045_1_B11-3-1","Homozygous - Lethal"
"Exosc8","JR18622","Homozygous - Lethal"
"3110035E14Rik","MUAH","Homozygous - Viable"
"Pak1","H-PAK1-H11-TM1B","Homozygous - Viable"
"Pnck","BL2269","Homozygous - Viable"
"Cox4i1","UCD-13284A-B10-1-1","Homozygous - Lethal"
"Gbp2","HMGU-EPD0234_4_G07-1-1","Homozygous - Viable"
"Pls3","MEYY","Homozygous - Viable"
"Casp12","MECG","Homozygous - Viable"
"Fanci","MFGY","Homozygous - Subviable"
"Kdm4d","MDGG","Homozygous - Viable"
"Pdk3","MFKA","Homozygous - Viable"
"Unc45a","HMGU-HEPD0073_3_D09-1-1","Homozygous - Lethal"
"Itga2","H-ITGA2-G06-TM1B","Homozygous - Viable"
"Fam161a","JR18705","Homozygous - Viable"
"Chic2","H-CHIC2-B08-TM1B","Homozygous - Subviable"
"Rab39","JR23801","Homozygous - Viable"
"Stk16","JR18611","Homozygous - Viable"
"Parp16","JR21613","Homozygous - Viable"
"Mocs2","HMGU-EPD0560_5_C09-1-1","Homozygous - Lethal"
"Dbn1","JR21507","Homozygous - Subviable"
"Frs2","H-Frs2-B06-TM1B-3","Homozygous - Lethal"
"Ap4e1","RIKEN_EPD0025_5_A08","Homozygous - Viable"
"Egr1","TCPA0686Cre","Homozygous - Subviable"
"Fam73a","HMGU-EPD0598_3_H10-1-1","Homozygous - Viable"
"Pla2g10","GSF-HEPD0539_1_A05-1-1","Homozygous - Viable"
"Btg2","JR21751","Homozygous - Viable"
"Glycam1","UCD-10916A-F3-1-1","Homozygous - Viable"
"Epas1","H-EPAS1-B11-TM1B","Homozygous - Lethal"
"Tmem151b","JR23060","Homozygous - Viable"
"Lypd6b","BL2359","Homozygous - Viable"
"Wnt5b","TCPM0198Cre","Homozygous - Viable"
"Yars","TCPA0141Cre","Homozygous - Lethal"
"Ctsk","TCPM0615Cre","Homozygous - Viable"
"1700003F12Rik","UCD-10243A-E8-2-1","Homozygous - Subviable"
"Gng13","UCD-13525B-A10-1-1","Homozygous - Subviable"
"Rbm47","MFRM","Homozygous - Viable"
"Xndc1","MDUH","Homozygous - Viable"
"2510003E04Rik","MGCY","Homozygous - Lethal"
"Dnajb7","JR18580","Homozygous - Viable"
"Gart","TCPA0115Cre","Homozygous - Lethal"
"Timm22","JR24406","Homozygous - Lethal"
"Gm684","TCPA0676Cre","Homozygous - Viable"
"Uhrf2","TCPA0706Cre","Homozygous - Subviable"
"D630045J12Rik","TCPM0181Cre","Homozygous - Viable"
"Usp22","H-USP22-D11-TM1B","Homozygous - Lethal"
"Lyst","TCPA0159Cre","Homozygous - Viable"
"Scrib","TCPA0598Cre","Homozygous - Lethal"
"Nup85","MFSY","Homozygous - Lethal"
"C8a","TCPM0708Cre","Homozygous - Viable"
"Slc9b2","BL2067","Homozygous - Viable"
"Fads1","BL3530","Homozygous - Viable"
"Zfp119a","HMGU-HEPD0637_2_H07-1-1","Homozygous - Viable"
"Cinp","JR18631","Homozygous - Lethal"
"Pcsk4","JR18355","Homozygous - Viable"
"Cdkal1","MDZB","Homozygous - Viable"
"BC023829","MECU","Homozygous - Viable"
"Zkscan17","MUBB","Homozygous - Lethal"
"Ccdc116","ET8171","Homozygous - Viable"
"Kcnj3","BL3601","Homozygous - Viable"
"Prkcdbp","BL2012","Homozygous - Viable"
"Bbs4","JR24661","Homozygous - Subviable"
"Scn3b","MEAU","Homozygous - Viable"
"4933402N03Rik","MFAX","Homozygous - Viable"
"Vps33b","MEXC","Homozygous - Lethal"
"Dbn1","ET6714","Homozygous - Subviable"
"Slc6a5","BL3902","Homozygous - Lethal"
"Glt8d2","MDJD","Homozygous - Subviable"
"Rhbdf2","BL2322","Homozygous - Viable"
"Gpc5","MDCM","Homozygous - Viable"
"Myo7b","JR24673","Homozygous - Viable"
"Ikzf5","RIKEN-Ikzf5-C06_","Homozygous - Viable"
"Rab43","JR23059","Homozygous - Viable"
"Rgp1","JR22345","Homozygous - Lethal"
"Ttc28","TCPA0127Cre","Homozygous - Viable"
"Pcgf2","TCPA0528Cre","Homozygous - Lethal"
"Dzank1","BL2388","Homozygous - Viable"
"Cmtm6","MDXZ","Homozygous - Viable"
"Nxn","MUCQ","Homozygous - Lethal"
"Myo7a","MEBX","Homozygous - Viable"
"Farsa","MDRV","Homozygous - Lethal"
"Kif1b","JR23603","Homozygous - Lethal"
"Fgf9","JR24326","Homozygous - Lethal"
"Akap11","JR23512","Homozygous - Viable"
"Slc6a3","JR22301","Homozygous - Viable"
"Htr7","JR23282","Homozygous - Viable"
"Esyt3","H-Esyt3-C09-TM1B-2","Homozygous - Viable"
"Ppp2r2b","MASL-1","Homozygous - Viable"
"Sdc2","HMGU-EPD0107_2_G11-1-1","Homozygous - Viable"
"Rasal2","MEBJ","Homozygous - Viable"
"Dcx","MDKH","Homozygous - Viable"
"Vps51","MFDC","Homozygous - Lethal"
"Abi3bp","TCPA0007Cre","Homozygous - Subviable"
"Tceal5","MUAM","Homozygous - Viable"
"Dhfr","TCPA0165Cre","Homozygous - Lethal"
"Gimap6","JR24028","Homozygous - Viable"
"Slc7a13","ET8296","Homozygous - Viable"
"Ctdspl","TCPA0051Cre","Homozygous - Viable"
"Adamts18","BL3122","Homozygous - Viable"
"G6b","ET8735","Homozygous - Viable"
"Grtp1","TCPA0524Cre","Homozygous - Viable"
"Apof","BL794","Homozygous - Viable"
"Lima1","JR22302","Homozygous - Viable"
"Abtb2","MEWH","Homozygous - Viable"
"Traf6","MFXR","Homozygous - Lethal"
"Ggnbp1","BL2405","Homozygous - Viable"
"Peli1","BL3735","Homozygous - Lethal"
"Fbxo7","MEBV","Homozygous - Viable"
"Prdm4","H-PRDM4-B10-TM1B","Homozygous - Viable"
"Sirt1","H-Sirt1-B04-TM1B","Homozygous - Subviable"
"Slc47a1","GSF-EPD0423_5_H01-1-1","Homozygous - Viable"
"Adpgk","MFTB","Homozygous - Viable"
"Rspo1","BL4206","Homozygous - Viable"
"Tox3","BL2283","Homozygous - Subviable"
"Atp11a","MFTN","Homozygous - Lethal"
"Nhp2","MFDS","Homozygous - Lethal"
"Jup","JR22821","Homozygous - Lethal"
"Prep","JR22099","Homozygous - Lethal"
"Htr1b","JR18634","Homozygous - Subviable"
"Frmd5","GSF-HEPD0516_1_C05-1-1","Homozygous - Viable"
"Kdm8","H-Kdm8-A04-TM1B","Homozygous - Lethal"
"Txnip","H-TXNIP-F08-TM1B","Homozygous - Viable"
"Arsk","JR18657","Homozygous - Viable"
"Slc25a30","MELD","Homozygous - Viable"
"Jazf1","ET8676","Homozygous - Viable"
"Mlc1","BL3629","Homozygous - Viable"
"Socs1","TCPA0574Cre","Homozygous - Lethal"
"Mas1","BL3034","Homozygous - Viable"
"Isg20","MFFD","Homozygous - Viable"
"Pigu","IP00005008a","Homozygous - Lethal"
"Ap4e1","MUCH","Homozygous - Viable"
"Gm648","MEEB","Homozygous - Viable"
"Gfod2","H-GFOD2-E04-TM1B","Homozygous - Viable"
"Iah1","E201JM8N4-54","Homozygous - Viable"
"Lmna","IP00005431a","Homozygous - Lethal"
"Arrb2","JR18608","Homozygous - Viable"
"Nptn","H-NPTN-A06-TM1B","Homozygous - Viable"
"Sirt3","H-Sirt3-F10-TM1B","Homozygous - Viable"
"Dpp10","TCPA0779Cre","Homozygous - Viable"
"Setd4","MDUJ","Homozygous - Viable"
"Cited4","JR18587","Homozygous - Viable"
"Rsbn1","H-Rsbn1-A02-TM1B","Homozygous - Lethal"
"Gpr84","TCPA0502Cre","Homozygous - Viable"
"Atp8b2","MFFN","Homozygous - Subviable"
"Plxna2","MEAM","Homozygous - Viable"
"Rab40c","JR24093","Homozygous - Subviable"
"Cln6","TCPA0153Cre","Homozygous - Viable"
"Il17rd","H-Il17rd-G11-TM1B","Homozygous - Viable"
"Tmem100","TCPA0049Cre","Homozygous - Lethal"
"Lgals7","MEHU","Homozygous - Viable"
"Ccdc109b","H-CCDC109B-F05-TM1B","Homozygous - Viable"
"Ahsa2","IP00005099a","Homozygous - Viable"
"Tmem63b","IP00005432a","Homozygous - Lethal"
"Zfp616","MUCF","Homozygous - Viable"
"Trp53rk","MFJA","Homozygous - Viable"
"Arid3a","JR18569","Homozygous - Lethal"
"Adora2b","JR18592","Homozygous - Viable"
"Casz1","H-CASZ1-D09-TM1B","Homozygous - Lethal"
"Wdr12","JR18573","Homozygous - Lethal"
"Irf7","MEBN","Homozygous - Viable"
"Fkbp5","BL3256","Homozygous - Subviable"
"Cdk9","BL4146","Homozygous - Lethal"
"Gm5544","MFYG","Homozygous - Subviable"
"Ccl22","MDML","Homozygous - Subviable"
"Sec1","MEMY","Homozygous - Viable"
"Tmem97","BL2323","Homozygous - Viable"
"Prkab1","ET6880_TCP","Homozygous - Subviable"
"Pcsk1n","BL1504","Homozygous - Viable"
"Prkab1","ET6880","Homozygous - Subviable"
"Tmem184b","BL4061","Homozygous - Subviable"
"Lgals7","MUAQ","Homozygous - Viable"
"Prelp","BL2259","Homozygous - Viable"
"Cdh26","BL3504","Homozygous - Viable"
"Fam20c","BL3200","Homozygous - Lethal"
"Exoc3l2","MUAU","Homozygous - Lethal"
"Fam20a","BL3181","Homozygous - Viable"
"C9","JR22779","Homozygous - Viable"
"Cnbd1","MUAY","Homozygous - Viable"
"Fbxo33","MUBU","Homozygous - Viable"
"Amz2","MFXD","Homozygous - Viable"
"Tff1","MDKX","Homozygous - Viable"
"Cand2","MDKN","Homozygous - Viable"
"Thsd1","JR21839","Homozygous - Viable"
"Tex37","BL1380","Homozygous - Viable"
"Atp5b","TCPA0521Cre","Homozygous - Lethal"
"Stx16","JR22781","Homozygous - Viable"
"H1foo","TCPA0004Cre","Homozygous - Viable"
"Fbxo47","MDTZ","Homozygous - Viable"
"Orc1","JR24036","Homozygous - Lethal"
"Hpcal4","BL2277","Homozygous - Viable"
"4933430I17Rik","IP00004326a","Homozygous - Viable"
"Lifr","H-LIFR-B09-TM1B","Homozygous - Lethal"
"Dnajc14","JR18637","Homozygous - Viable"
"Adck2","JR24518","Homozygous - Viable"
"Ankrd6","MUBA","Homozygous - Viable"
"Naga","MDNQ","Homozygous - Viable"
"Otud6b","H-OTUD6B-H08-TM1B","Homozygous - Subviable"
"Ddx41","BL3367-1","Homozygous - Lethal"
"Ell2","MEEF","Homozygous - Viable"
"Car4","GSF-EPD0227_6_F12-1-2","Homozygous - Subviable"
"Gpr50","BL1376","Homozygous - Viable"
"Nsf","JR18646","Homozygous - Lethal"
"Pnmt","JR24330","Homozygous - Viable"
"Dnajc16","JR18633","Homozygous - Subviable"
"Klhl18","MFEM","Homozygous - Viable"
"Tmc6","MCVS","Homozygous - Viable"
"Plekhg3","IP00005111a","Homozygous - Viable"
"Sdsl","IP00004929a","Homozygous - Viable"
"Setd2","TCPA0733Cre","Homozygous - Viable"
"Cyp27b1","TCPA0642Cre","Homozygous - Viable"
"Bach2","MFZQ","Homozygous - Viable"
"C3","JR22098","Homozygous - Viable"
"Rad21l","JR22102","Homozygous - Viable"
"Daam2","MEQD","Homozygous - Viable"
"Oxr1","MEBW","Homozygous - Viable"
"Odf3l2","BL3073","Homozygous - Viable"
"Cdkn2aipnl","MUBZ","Homozygous - Viable"
"Poln","H-Poln-C08-TM1B","Homozygous - Viable"
"Lancl2","ET8219","Homozygous - Viable"
"Tsfm","MDFF","Homozygous - Lethal"
"Slc20a2","MEQX","Homozygous - Viable"
"Rala","MEAH","Homozygous - Subviable"
"A1cf","JR24325","Homozygous - Viable"
"AI464131","JR21488","Homozygous - Viable"
"Cbx6","MCTQ","Homozygous - Viable"
"Zfp365","MFXF","Homozygous - Viable"
"Mast2","MFRU","Homozygous - Viable"
"Lpar6","JR22094","Homozygous - Viable"
"Dennd1c","MEKG","Homozygous - Viable"
"Fyn","MDVQ","Homozygous - Lethal"
"Ccl26","JR24349","Homozygous - Viable"
"Arsg","MEDY","Homozygous - Viable"
"Pitrm1","MFXT","Homozygous - Lethal"
"Cd83","BL3306","Homozygous - Viable"
"Lst1","ET9009","Homozygous - Viable"
"Ttc30a2","BL2275","Homozygous - Viable"
"Klkb1","GSF-EPD0560_5_B04-2-2","Homozygous - Viable"
"Dnase1l2","EPD0296_2_A10","Homozygous - Viable"
"Gpr22","H-GPR22-F10-TM1B","Homozygous - Viable"
"Itga8","JR23813","Homozygous - Subviable"
"Moxd1","JR23420","Homozygous - Viable"
"Zdhhc23","BL2970","Homozygous - Viable"
"Ypel3","BL2476","Homozygous - Viable"
"Plod1","TCPA0666Cre","Homozygous - Viable"
"Nadsyn1","BL3101","Homozygous - Viable"
"Sik1","BL1802","Homozygous - Viable"
"Alg13","MCWY","Homozygous - Viable"
"Dhx30","JR22342","Homozygous - Lethal"
"Rln1","RIKEN-Rln1-AB5_","Homozygous - Viable"
"Fbxo41","BL3487","Homozygous - Viable"
"Ctr9","MUAZ","Homozygous - Lethal"
"Dopey2","MDYU","Homozygous - Viable"
"Wdtc1","MFYJ","Homozygous - Viable"
"Zzef1","BL3102","Homozygous - Viable"
"Gabrr2","BL3014","Homozygous - Viable"
"Patz1","BL3680","Homozygous - Lethal"
"Nmur1","BL2274","Homozygous - Viable"
"Uts2b","BL2351","Homozygous - Viable"
"Map3k1","MDDY","Homozygous - Subviable"
"Ddhd1","MFCR","Homozygous - Viable"
"Ncald","JR18575","Homozygous - Viable"
"Slc1a1","JR24411","Homozygous - Viable"
"Gpr1","H-Gpr1-C01-TM1B","Homozygous - Viable"
"Pbdc1","MEDL","Homozygous - Viable"
"Commd10","MEMK","Homozygous - Lethal"
"Inf2","BL1485","Homozygous - Viable"
"Il20ra","BL2547","Homozygous - Viable"
"Eaf1","H-EAF1-E07-TM1B","Homozygous - Lethal"
"Gbx1","H-GBX1-C09-TM1B","Homozygous - Viable"
"Eprs","TCPA0537Cre","Homozygous - Lethal"
"Cbx4","TCPA0078Cre","Homozygous - Lethal"
"Dnase1l2","RIKEN_EPD0296_2_A10","Homozygous - Viable"
"Sptbn2","H-SPTBN2-H05-TM1B","Homozygous - Viable"
"Cr1l","JR22343","Homozygous - Lethal"
"Dbn1","MCKS-3","Homozygous - Lethal"
"Ccdc134","MERW","Homozygous - Subviable"
"Mettl24","MFUB","Homozygous - Viable"
"Gtpbp2","BL2589-1","Homozygous - Viable"
"Hells","GSF-EPD0102_4_A04-1-1","Homozygous - Lethal"
"Rufy2","MDDP","Homozygous - Viable"
"Ninj2","MEQF","Homozygous - Viable"
"Zmiz2","JR18593","Homozygous - Lethal"
"Wee1","TCPA0163Cre","Homozygous - Lethal"
"Il6ra","BL1357","Homozygous - Viable"
"Vps53","MDJZ","Homozygous - Lethal"
"Ect2","IP00005491a","Homozygous - Lethal"
"Gp9","BL3654","Homozygous - Viable"
"Prg3","BL3293","Homozygous - Viable"
"Cttn","H-Cttn-D11-TM1B","Homozygous - Viable"
"Fam175b","MDYQ","Homozygous - Viable"
"Cdc26","IP00005031a","Homozygous - Lethal"
"Ppp6c","IP00004899a","Homozygous - Lethal"
"Ino80","IP00004468a","Homozygous - Lethal"
"Hdac10","JR18844","Homozygous - Viable"
"Arrdc1","JR18607","Homozygous - Viable"
"Gabarapl2","H-GABARAPL2-F09-TM1B","Homozygous - Lethal"
"Rnf183","H-RNF183-D07-TM1B","Homozygous - Viable"
"Zbtb32","JR23602","Homozygous - Viable"
"Grm6","H-Grm6-G06-TM1B","Homozygous - Viable"
"Hectd2","H-Hectd2-F04-TM1B","Homozygous - Viable"
"Dnajb12","JR18597","Homozygous - Subviable"
"Rabl6","BL2321","Homozygous - Viable"
"Wisp2","ET7963","Homozygous - Viable"
"Clstn3","H-Clstn3-C09-TM1B","Homozygous - Viable"
"Cyb5d2","JR24035","Homozygous - Viable"
"Bbs10","JR24037","Homozygous - Lethal"
"1110059G10Rik","MEYZ","Homozygous - Viable"
"Def6","MEXX","Homozygous - Viable"
"Klf17","MUBV","Homozygous - Viable"
"Plcb2","BL3538","Homozygous - Viable"
"Creb3l1","MEEN","Homozygous - Viable"
"Cyp2r1","MUBS","Homozygous - Viable"
"Lamc3","MDZE","Homozygous - Viable"
"Rdx","JR18578","Homozygous - Subviable"
"Gps1","TCPA0529Cre","Homozygous - Lethal"
"Il18bp","ET8509","Homozygous - Viable"
"Ranbp2","BL3938","Homozygous - Lethal"
"Cbx2","H-Cbx2-F12-TM1B","Homozygous - Lethal"
"Hecw2","MFHN","Homozygous - Subviable"
"Ift88","JR23606","Homozygous - Lethal"
"Nemf","JR18697","Homozygous - Lethal"
"Ceacam16","JR22335","Homozygous - Viable"
"Ddost","UCD-11663B-F3-2-1","Homozygous - Lethal"
"Aldoc","BL3551","Homozygous - Viable"
"Dbn1","H-DBN1-A05-TM1B","Homozygous - Subviable"
"Dusp11","IP00005407a","Homozygous - Viable"
"Prelid2","H-PRELID2-A01-TM1B","Homozygous - Viable"
"Kcnip4","MDZY","Homozygous - Viable"
"Ddx55","METX","Homozygous - Lethal"
"Serpina3c","MFCY","Homozygous - Viable"
"Gle1","MCXN","Homozygous - Lethal"
"Spg20","Monterotondo-HEPD0548_1_H08-1-1","Homozygous - Viable"
"Wars","H4336-HEPD0563_6_G06-1","Homozygous - Lethal"
"Jag2","H-JAG2-B11-TM!B","Homozygous - Lethal"
"Zzef1","JR22366","Homozygous - Viable"
"Il24","JR22005","Homozygous - Viable"
"Slc17a9","BL4145","Homozygous - Viable"
"Nme4","MFFZ","Homozygous - Viable"
"Pqlc3","MFGM","Homozygous - Viable"
"Ampd1","ET5105","Homozygous - Subviable"
"Atp6v0a1","TCPA0152Cre","Homozygous - Lethal"
"Amigo3","BL3141","Homozygous - Viable"
"Lonrf3","MUAN","Homozygous - Viable"
"Slc25a3","BL2350","Homozygous - Lethal"
"Snap47","MDEQ","Homozygous - Viable"
"Barx2","H-BARX2-F07-TM1B","Homozygous - Subviable"
"Dnase1l2","MUCK","Homozygous - Viable"
"Cabp1","MDYD","Homozygous - Viable"
"Zscan2","MEYQ","Homozygous - Viable"
"Krt74","H-KRT74-H05-TM1B","Homozygous - Viable"
"Klhdc2","H-KLHDC2-G08-TM1B","Homozygous - Lethal"
"Cpsf3","MUAO","Homozygous - Subviable"
"Zfp182","MEHR","Homozygous - Viable"
"Ocm","MCRQ","Homozygous - Viable"
"2510002D24Rik","BL3747","Homozygous - Viable"
"Nmrk2","JR18638","Homozygous - Viable"
"Daam2","H-DAAM2-A09-TM1B","Homozygous - Viable"
"Atf3","H-ATF3-G02-TM1B","Homozygous - Viable"
"Dhrs2","MEZX","Homozygous - Viable"
"Card9","MFVJ","Homozygous - Viable"
"Lypd3","BL3368","Homozygous - Subviable"
"Gdf15","H-GDF15-B10-TM1B","Homozygous - Viable"
"Ptpmt1","UCD-13748A-B6-2-1","Homozygous - Lethal"
"C1rl","H-CR1RL-A04-TM1B","Homozygous - Viable"
"Zscan10","MDNC","Homozygous - Subviable"
"Gosr2","H-GORS2-F01-TM1B","Homozygous - Lethal"
"4932438H23Rik","MDUU","Homozygous - Viable"
"Parp8","JR23058","Homozygous - Viable"
"Ildr1","MFJM","Homozygous - Viable"
"Bag3","H-Bag3-B06-TM1B","Homozygous - Lethal"
"Fstl1","H-FSTL1-B07-TM1B","Homozygous - Viable"
"Sort1","H-SORT1-B03-TM1B","Homozygous - Subviable"
"Sh3gl2","TCPA0133Cre","Homozygous - Viable"
"Clmn","TCPM0541Cre","Homozygous - Viable"
"Panx1","BL1216","Homozygous - Viable"
"Kcnc2","BL3533","Homozygous - Viable"
"Cdkn1a","BL3423","Homozygous - Viable"
"3110035E14Rik","MELP","Homozygous - Viable"
"P2rx7","GSF-EPD0369_6_A06-1-1","Homozygous - Viable"
"Kcnh3","JR21140","Homozygous - Viable"
"Cldn13","JR24042","Homozygous - Viable"
"Pth2r","MDWU","Homozygous - Viable"
"Ints2","MEFL","Homozygous - Lethal"
"Bai1","MEMT","Homozygous - Viable"
"Htr3b","JR18615","Homozygous - Viable"
"Ift80","MEAN","Homozygous - Subviable"
"Srrm4","MDYA","Homozygous - Subviable"
"Rilpl2","JR21750","Homozygous - Viable"
"Timp3","JR18639","Homozygous - Viable"
"Stx3","JR24517","Homozygous - Lethal"
"Usp38","H-USP38-D12-TM1B","Homozygous - Viable"
"Dnajb3","JR18632","Homozygous - Viable"
"Dctn1","MDWE","Homozygous - Lethal"
"Aldh3a1","H-ALDH3A1-G05-TM1B-2","Homozygous - Viable"
"Cep164","H-CEP164-A03-TM1B","Homozygous - Lethal"
"C1qtnf7","BL2558","Homozygous - Viable"
"Mad1l1","BL3736","Homozygous - Subviable"
"Actr6","MEAC","Homozygous - Lethal"
"Prr15l","BL1367","Homozygous - Viable"
"Fan1","BL3227","Homozygous - Viable"
"Fbxw26","MUBR","Homozygous - Viable"
"Eci3","MUBM","Homozygous - Viable"
"Pfkfb4","BL988","Homozygous - Viable"
"Elmo3","BL3137","Homozygous - Viable"
"Nmral1","BL3685","Homozygous - Viable"
"Cox7c","JR21449","Homozygous - Lethal"
"Prokr1","JR18568","Homozygous - Viable"
"Aspm","MDVB","Homozygous - Viable"
"Hspb2","JR18619","Homozygous - Viable"
"3830417A13Rik","MECY","Homozygous - Viable"
"Clu","H-CLU-B02-TM1B","Homozygous - Viable"
"1110057K04Rik","HMGU-EPD0564_4_F01-1-1","Homozygous - Viable"
"Setd6","JR21482","Homozygous - Viable"
"BC027231","BL4087","Homozygous - Lethal"
"Col6a2","BL2238","Homozygous - Viable"
"Cml2","JR18586","Homozygous - Viable"
"Kcnj3","BL3601","Homozygous - Viable"
"Stxbp5l","BL2533","Homozygous - Viable"
"Stag3","JR21115","Homozygous - Viable"
"Gnpda2","BL1470","Homozygous - Viable"
"Pcdh18","BL2240","Homozygous - Viable"
"Aldoc","BL3551","Homozygous - Viable"
"Arhgef5","TCPA0703Cre","Homozygous - Viable"
"Ppp1r42","MDEF","Homozygous - Viable"
"4921536K21Rik","MFCN","Homozygous - Viable"
"Gsto2","MFYL","Homozygous - Viable"
"Nkg7","BL2496","Homozygous - Viable"
"Slc13a3","BL2456","Homozygous - Viable"
"Igsf11","JR21516","Homozygous - Viable"
"Sgip1","HMGU-HEPD0674_5_D09-1-1","Homozygous - Viable"
"Slc29a1","TCPA0572Cre","Homozygous - Viable"
"Snph","BL3752","Homozygous - Subviable"
"Klc2","MFAT","Homozygous - Viable"
"Dbn1","ET6714_TCP","Homozygous - Subviable"
"Tmem106b","BL3374","Homozygous - Viable"
"Acvr2b","BL3554","Homozygous - Subviable"
"A830019P07Rik","MENG","Homozygous - Viable"
"Rsad1","UCD-10291A-H7-2-1","Homozygous - Viable"
"Dennd1b","MFVH","Homozygous - Viable"
"Rnaseh2c","MDUP","Homozygous - Lethal"
"Myo15","MCXD","Homozygous - Viable"
"Dpy30","MFKN","Homozygous - Lethal"
"Tcte1","MEQN","Homozygous - Viable"
"Seh1l","MDJL","Homozygous - Lethal"
"Arhgef11","H-ARHGEF11-B05-TM1B","Homozygous - Viable"
"Cd300lg","MEYW","Homozygous - Viable"
"Usp11","MFVM","Homozygous - Viable"
"Dnase1l2","ET6691_TCP","Homozygous - Viable"
"Tpcn2","H-Tpcn2-C10-TM1B","Homozygous - Viable"
"Slc24a4","H-SLC24A4-H07-TM1B","Homozygous - Subviable"
"Rpa1","JR18691","Homozygous - Lethal"
"Zfyve28","MUCZ","Homozygous - Viable"
"Snrnp200","H-SNRNP200-E01-TM1B","Homozygous - Lethal"
"Lamb3","H-Lamb3-C12-TM1B","Homozygous - Viable"
"Lrrc15","JR23021","Homozygous - Viable"
"Fam210a","TCPM0583Cre","Homozygous - Lethal"
"Il12rb2","JR22303","Homozygous - Viable"
"Rab27b","JR23422","Homozygous - Viable"
"Cfap69","BL2398","Homozygous - Viable"
"B3gnt7","TCPA0005Cre","Homozygous - Viable"
"Nacad","MDYC","Homozygous - Viable"
"Fnbp1l","BL3070","Homozygous - Viable"
"Snx29","IP00005240a","Homozygous - Viable"
"Vsig8","JR23019","Homozygous - Viable"
"Satb1","IP00005408a","Homozygous - Lethal"
"Zcchc14","MERR","Homozygous - Viable"
"Supt4a","TCPM0565Cre","Homozygous - Lethal"
"Aph1c","H-APH1C-A03-TM1B","Homozygous - Viable"
"Map3k7","H-Map3k7-B11-TM1B","Homozygous - Lethal"
"Clstn1","H-CLSTN1-G03-TM1B","Homozygous - Viable"
"Idh1","TCPM0227Cre","Homozygous - Viable"
"Eif2b4","BL3079","Homozygous - Lethal"
"Ppp1r32","BL4340","Homozygous - Viable"
"Pcsk1","IP00005259a","Homozygous - Subviable"
"Iqce","IP00005274a","Homozygous - Viable"
"Mmrn1","H-MMRN1-G03-TM1B","Homozygous - Viable"
"Dcc","TCPA0700Cre","Homozygous - Lethal"
"Rock1","TCPA0571Cre","Homozygous - Subviable"
"Wnt3","MDJV","Homozygous - Lethal"
"Cwc27","JR22344","Homozygous - Subviable"
"Abcg2","JR23411","Homozygous - Viable"
"P2rx4","H-P2rx4-E09-TM1B","Homozygous - Viable"
"Ntf5","IP00005281a","Homozygous - Viable"
"Laptm4a","E184JM8N4-12","Homozygous - Viable"
"D17Wsu92e","BL1601","Homozygous - Viable"
"Unc119b","BL3750","Homozygous - Viable"
"Pdk1","BL3872","Homozygous - Viable"
"Abcc2","H-ABCC2-B03-TM1B","Homozygous - Viable"
"Gmnc","MUCY","Homozygous - Viable"
"Daf2","MFJK","Homozygous - Viable"
"Acot5","MFCQ","Homozygous - Viable"
"Acaa1a","MEAD","Homozygous - Viable"
"Crb2","MFET","Homozygous - Lethal"
"Eif4ebp3","BL3728","Homozygous - Viable"
"Chtf18","JR23317","Homozygous - Lethal"
"Frrs1l","H-FRRS1L-B11-TM1B","Homozygous - Subviable"
"Foxo3","JR22097","Homozygous - Viable"
"Tm9sf4","MDGW","Homozygous - Viable"
"Usp22","MDUW","Homozygous - Lethal"
"Nbeal2","MDVP","Homozygous - Viable"
"Phpt1","BL2475","Homozygous - Viable"
"Fam151a","BL3825","Homozygous - Viable"
"Lrrc2","TCPA0158Cre","Homozygous - Viable"
"Grm8","MEWE","Homozygous - Viable"
"Itsn2","BL3634","Homozygous - Viable"
"Tmem119","BL4068","Homozygous - Viable"
"Oxtr","RIKEN-13082A-C7","Homozygous - Viable"
"Kiss1r","BL3929","Homozygous - Viable"
"Lypd6","BL4231","Homozygous - Subviable"
"Rnf10","ET6713","Homozygous - Subviable"
"Mbd6","BL2325","Homozygous - Lethal"
"Wbscr17","BL3534","Homozygous - Viable"
"Scarf2","BL2327","Homozygous - Viable"
"Eif4ebp3","BL3728","Homozygous - Viable"
"Ptpdc1","BL3826","Homozygous - Viable"
"Tdrp","ET8169","Homozygous - Viable"
"Prkab1","JR21509","Homozygous - Subviable"
"Dnajc17","GSF-HEPD0546_1_F06-1-1","Homozygous - Lethal"
"Cabp1","H-Cabp1-H04-TM1B","Homozygous - Viable"
"Cd33","JR22016","Homozygous - Viable"
"Baiap2l2","IP00004537b","Homozygous - Viable"
"Ghrhr","JR19459","Homozygous - Viable"
"Cyfip2","MEPG","Homozygous - Lethal"
"Tmem254b","MFHM","Homozygous - Viable"
"Smco2","Smco2 EPD0382_4_B12","Homozygous - Viable"
"Gyg","GYGGB","Homozygous - Lethal"
"Krt17","JR23318","Homozygous - Viable"
"Dbn1","MCKS","Homozygous - Subviable"
"Pibf1","JR23601","Homozygous - Lethal"
"Pkn1","H-PKN1-D06-TM1B","Homozygous - Viable"
"Pitx3","JR22306","Homozygous - Viable"
"Fbp2","HMGU-HEPD0792_2_A11-1-1","Homozygous - Subviable"
"Smoc1","H-Smoc1-C03-TM1B","Homozygous - Subviable"
"Ric8b","H-Ric8b-C07-TM1B","Homozygous - Lethal"
"Igfbp3","H-Igfbp3-A08-TM1B","Homozygous - Viable"
"Avpi1","Monterotondo-HEPD0550_6_C05-2-1","Homozygous - Viable"
"Ehbp1l1","MFCC","Homozygous - Lethal"
"Mettl20","BL1856","Homozygous - Viable"
"Hcrt","BL3611","Homozygous - Viable"
"Gtf2b","TCPA0561Cre","Homozygous - Lethal"
"Tcf4","MDXP","Homozygous - Subviable"
"Rhox13","MUAA","Homozygous - Viable"
"Hibadh","MUDR","Homozygous - Viable"
"Map3k10","Monterotondo-HEPD0635_8_D03-1-1","Homozygous - Viable"
"Aldh1l1","HMGU-EPD0132_6_G09-3-1","Homozygous - Viable"
"Gtf2a1","MDEG","Homozygous - Lethal"
"Slc25a21","MSLD","Homozygous - Viable"
"Ago3","MEPR","Homozygous - Viable"
"Reg3g","MECP","Homozygous - Viable"
"L3mbtl2","MFPQ","Homozygous - Lethal"
"Dnajc5g","JR18616","Homozygous - Viable"
"Aim1","TCPM0584Cre","Homozygous - Lethal"
"Cpt2","MUDF","Homozygous - Subviable"
"Sypl","TCPM0573Cre","Homozygous - Viable"
"Ucn3","BL3800","Homozygous - Viable"
"Ap4e1","ET6689","Homozygous - Subviable"
"Lyplal1","ET4709","Homozygous - Viable"
"Rimklb","JR22346","Homozygous - Viable"
"Dennd1c","MUAT","Homozygous - Viable"
"Prom2","JR18576","Homozygous - Viable"
"Erp44","MEQJ","Homozygous - Subviable"
"Abca4","MCZT","Homozygous - Viable"
"Art4","MFCP","Homozygous - Viable"
"Abca6","TCPM0226Cre","Homozygous - Viable"
"Lonrf3","MEGU","Homozygous - Viable"
"Spink10","MEUY","Homozygous - Viable"
"Bbs5","H-BBS5-C06-TM1B-2","Homozygous - Viable"
"Rilpl1","HMGU-HEPD0718_1_B06-1-1","Homozygous - Viable"
"1700067K01Rik","MFLD","Homozygous - Lethal"
"Usp24","MESV","Homozygous - Viable"
"Pth1r","MFUV","Homozygous - Lethal"
"Adcy2","MDZW","Homozygous - Viable"
"Abca8b","BL2226","Homozygous - Viable"
"Pear1","MFEB","Homozygous - Viable"
"Acer1","MFUH","Homozygous - Viable"
"Pld5","MCSQ","Homozygous - Viable"
"BC089597","MFCV","Homozygous - Viable"
"Cbln3","JR18556","Homozygous - Viable"
"Ube2u","H-UBE2U-F06-TM1B","Homozygous - Viable"
"Cfi","H-CFI-F03-TM1B","Homozygous - Viable"
"Ttll11","MELC","Homozygous - Viable"
"Pcnxl3","H-PCNXL3-H10-TM1B","Homozygous - Viable"
"Chmp4c","H-CHMP4C-B10-TM1B","Homozygous - Viable"
"1500011B03Rik","MCMM","Homozygous - Viable"
"G3bp2","MDWN","Homozygous - Lethal"
"Ngrn","MFDK","Homozygous - Lethal"
"Smpd4","MUBD","Homozygous - Subviable"
"Wnt16","MUBC","Homozygous - Viable"
"Sox18","JR23020","Homozygous - Viable"
"Rundc1","MUAV","Homozygous - Subviable"
"Atp2b1","TCPM0549Cre","Homozygous - Subviable"
"Lrfn2","BL4306","Homozygous - Viable"
"Med22","MFHW","Homozygous - Lethal"
"Dlg2","MDLX","Homozygous - Viable"
"Cd109","TCPA0008Cre","Homozygous - Viable"
"Calcoco2","MDHD","Homozygous - Viable"
"1700008O03Rik","MFDF","Homozygous - Viable"
"Uevld","MFTT","Homozygous - Viable"
"Lpin3","BL1459","Homozygous - Viable"
"Kmo","ET4569","Homozygous - Viable"
"Snai2","BL3612","Homozygous - Subviable"
"Pdk4","BL3426","Homozygous - Viable"
"Col4a3bp","MFGR","Homozygous - Subviable"
"Mrap2","MDSU","Homozygous - Viable"
"Tppp","JR24900","Homozygous - Viable"
"Primpol","H-Ccdc111-E02-TM1B","Homozygous - Viable"
"Krt7","MUCU","Homozygous - Viable"
"Rundc1","MELE","Homozygous - Lethal"
"Actn4","MCZU","Homozygous - Subviable"
"Mlec","MDXK","Homozygous - Viable"
"Rxfp2","GSF-EPD0243_5_D11-1-1","Homozygous - Viable"
"Ubox5","TCPM0208Cre","Homozygous - Viable"
"Hspb1","JR22782","Homozygous - Viable"
"Casc3","BL3762","Homozygous - Lethal"
"Ppt2","H-PPT2-G02-TM1B","Homozygous - Viable"
"Slc40a1","H-Slc40a1-A07-TM1B","Homozygous - Lethal"
"Ydjc","MEYD","Homozygous - Viable"
"Dppa1","MELY","Homozygous - Viable"
"Asf1a","JR22101","Homozygous - Lethal"
"Cenpe","Monterotondo-HEPD0553_1_A09-1-1","Homozygous - Lethal"
"Eya4","TCPA0076Cre","Homozygous - Lethal"
"Mfap4","TCPA0704Cre","Homozygous - Viable"
"Pax4","IP00005195a","Homozygous - Lethal"
"Htr1f","JR24269","Homozygous - Viable"
"Rnf144b","E203JM8N4-28","Homozygous - Viable"
"Coq6","IP00005524a","Homozygous - Lethal"
"Macrod2","JR18570","Homozygous - Viable"
"Ghr","JR21486","Homozygous - Viable"
"Slc15a3","H-SLC15A3-A03-TM1B","Homozygous - Viable"
"Pbx3","H-PBX3-C12-TM1B","Homozygous - Lethal"
"Dnajc28","JR18636","Homozygous - Viable"
"Sema3f","H-SEMA3F-A04-TM1B","Homozygous - Subviable"
"Tst","ET8409","Homozygous - Viable"
"Gpr17","TCPM0551Cre","Homozygous - Viable"
"Gpr182","ET8210","Homozygous - Viable"
"Kcnj9","H-Kcnj9-F04-TM1B","Homozygous - Viable"
"Cers5","JR22819","Homozygous - Viable"
"Rsad1","MFPV","Homozygous - Viable"
"Slc1a4","MENZ","Homozygous - Viable"
"Pkd2l2","H-PKD2L2-A07-TM1B","Homozygous - Viable"
"Emc10","H-Emc10-E10-TM1B","Homozygous - Viable"
"Tmc3","MUBQ","Homozygous - Viable"
"Stard8","MEGB","Homozygous - Viable"
"Nbr1","H-NBR1-C09-TM1B","Homozygous - Viable"
"Hirip3","BL3281","Homozygous - Viable"
"Smurf2","H-SMURF2-H08-TM1B","Homozygous - Subviable"
"Wsb2","Monterotondo-HEPD0508_2_A11-2-1","Homozygous - Viable"
"Ajap1","JR23421","Homozygous - Viable"
"Rtn1","H-RTN1-G10-TM1B","Homozygous - Viable"
"Lgmn","TCPA0680Cre","Homozygous - Viable"
"Loxl1","JR18563","Homozygous - Viable"
"Arhgap22","MFBW","Homozygous - Viable"
"Dcdc2c","MERM","Homozygous - Viable"
"Pate2","BL3763","Homozygous - Viable"
"Zhx3","BL2453","Homozygous - Subviable"
"Krt2","ET8220","Homozygous - Subviable"
"Gpr158","ET7865","Homozygous - Viable"
"Unc119","BL3658","Homozygous - Viable"
"Wnt6","TCPA0718Cre","Homozygous - Lethal"
"Ctla2b","TCPA0777Cre","Homozygous - Lethal"
"Rilp","BL2302","Homozygous - Viable"
"Endog","BL3517","Homozygous - Viable"
"Pdcd2","MUCT","Homozygous - Lethal"
"Strn3","JR18693","Homozygous - Lethal"
"Ap4e1","JR21510","Homozygous - Viable"
"Slc1a3","JR18557","Homozygous - Subviable"
"Vti1a","BL3599","Homozygous - Viable"
"Ift22","BL3682","Homozygous - Viable"
"Snx27","ET4513","Homozygous - Subviable"
"Cyp2e1","H-Cyp2e1-F11-TM1B","Homozygous - Viable"
"Atr","JR21925","Homozygous - Lethal"
"Cenpo","JR18836","Homozygous - Lethal"
"Mrps5","MUBK","Homozygous - Subviable"
"Tmem108","IP00005450a","Homozygous - Viable"
"Ccdc160","MEDS","Homozygous - Viable"
"Ubash3a","MDZN","Homozygous - Viable"
"Ahrr","JR18561","Homozygous - Viable"
"Tep1","TCPA0677Cre","Homozygous - Viable"
"Clcf1","BL3310","Homozygous - Lethal"
"Far2","JR22011","Homozygous - Viable"
"Jam3","JR22093","Homozygous - Subviable"
"Sirt4","H-SIRT4-E08-TM1B","Homozygous - Viable"
"Slfn4","H-SLFN4-G08-TM1B","Homozygous - Viable"
"Col18a1","JR18604","Homozygous - Viable"
"Wars2","JR21936","Homozygous - Lethal"
"Psph","BL3199-1","Homozygous - Lethal"
"Zgpat","TCPM0650Cre","Homozygous - Viable"
"Zfp346","JR24091","Homozygous - Subviable"
"Apool","MECV","Homozygous - Viable"
"Dynlrb1","MDUV","Homozygous - Lethal"
"Gatm","HMGU-EPD0218_5_E08-1-1","Homozygous - Viable"
"Pink1","H-PINK1-G02-TM1B","Homozygous - Viable"
"Prkab1","H-PRKAB1-C09-TM1B","Homozygous - Viable"
"Rlbp1","H-RLBP1-C10-TM1B","Homozygous - Viable"
"Cldn19","JR23666","Homozygous - Viable"
"Mybbp1a","HMGU-HEPD0602_4_G02-1-1","Homozygous - Lethal"
"Sra1","TCPA0084Cre","Homozygous - Viable"
"Nfatc3","HMGU-HEPD0725_7_C12-1-2","Homozygous - Lethal"
"Ikzf3","RIKEN-Ikzf3-CB3_","Homozygous - Viable"
"Arpc3","MDLY","Homozygous - Lethal"
"Lyplal1","MFPU","Homozygous - Viable"
"Resp18","JR18572","Homozygous - Viable"
"Gpr152","MUBW","Homozygous - Viable"
"Skida1","BL2596-1","Homozygous - Subviable"
"Rhbdl1","BL2779","Homozygous - Subviable"
"Chrna1","IP00005076a","Homozygous - Lethal"
"Setbp1","IP00005159a","Homozygous - Subviable"
"P2rx6","H-P2RX6-A09-TM1B","Homozygous - Viable"
"Cab39l","H-CAB39L-B12-TM1B","Homozygous - Viable"
"Cog3","HMGU-HEPD0786_6_G01-1-1","Homozygous - Lethal"
"Abca14","TCPA0775Cre","Homozygous - Viable"
"3300002A11Rik","MFBX","Homozygous - Viable"
"Klhl21","MEZW","Homozygous - Subviable"
"Myh14","MDSK","Homozygous - Viable"
"Cyb5d1","JR22096","Homozygous - Subviable"
"4921509C19Rik","JR24333","Homozygous - Viable"
"Arpc1b","MDWK","Homozygous - Viable"
"Klf14","BL1129","Homozygous - Viable"
"Capn8","BL4161","Homozygous - Viable"
"Mapk10","MDMP","Homozygous - Viable"
"Ccdc88c","BL3877","Homozygous - Viable"
"Fbxl7","MDRA","Homozygous - Viable"
"Rhox13","MEEK","Homozygous - Viable"
"Ube2e2","BL1487","Homozygous - Viable"
"Zfp719","MENA","Homozygous - Viable"
"Trim29","MUAD","Homozygous - Viable"
"Cdk8","IP00005208a","Homozygous - Lethal"
"Ahcyl1","MECH","Homozygous - Viable"
"Anks1b","MELK","Homozygous - Viable"
"Parp11","BL1437","Homozygous - Viable"
"Epn3","BL2342","Homozygous - Viable"
"Msantd1","ET8352","Homozygous - Viable"
"Afmid","H-Afmid-A07-TM1B","Homozygous - Viable"
"Fcgbp","H-Fcgbp-E12-TM1B","Homozygous - Viable"
"Bloc1s2","JR22818","Homozygous - Lethal"
"Hsp90aa1","MCPD","Homozygous - Viable"
"Xpnpep1","MFHU","Homozygous - Subviable"
"Sycp3","JR22784","Homozygous - Viable"
"Fastk","BL1653","Homozygous - Viable"
"Ripk3","BL3926","Homozygous - Viable"
"Htra2","BL3753","Homozygous - Viable"
"Fgfbp3","BL2227","Homozygous - Viable"
"Crtc3","BL3352","Homozygous - Subviable"
"Atp6v1b2","TCPA0014Cre","Homozygous - Lethal"
"Kcnv2","MDYN","Homozygous - Viable"
"Twist2","BL3655","Homozygous - Subviable"
"Selenbp1","BL2597","Homozygous - Viable"
"Msx1","JR18808","Homozygous - Lethal"
"Rab3ip","JR23394","Homozygous - Viable"
"Myt1l","MFFA","Homozygous - Viable"
"Mdk","JR23024","Homozygous - Subviable"
"Fam49b","TCPM0616Cre","Homozygous - Subviable"
"Zfp791","MFHR","Homozygous - Viable"
"Tmbim7","BL3476","Homozygous - Subviable"
"Hipk2","H-Hipk2-F08-TM1B","Homozygous - Subviable"
"Exoc8","BL2345","Homozygous - Lethal"
"Pef1","HMGU-HEPD0074_4_C05-1-1","Homozygous - Viable"
"Efna5","HMGU-EPD0445_2_D06-1-1","Homozygous - Viable"
"C1qtnf2","H-C1QTNF2-A12-TM1B","Homozygous - Viable"
"Zdhhc11","JR18620","Homozygous - Viable"
"Polr3f","MFVN","Homozygous - Lethal"
"Syne3","BL3161","Homozygous - Viable"
"Zbed4","BL3236","Homozygous - Subviable"
"Ryr2","H-RYR2-C09-TM1B","Homozygous - Lethal"
"Rab24","JR22389","Homozygous - Viable"
"Lrrk1","H-LRRK1-C01-TM1B","Homozygous - Viable"
"Pigh","JR18614","Homozygous - Lethal"
"Plac9a","H-PLAC9A-A09-TM1B","Homozygous - Viable"
"Lmbrd1","TCPA0157Cre","Homozygous - Lethal"
"Rptor","H-RPTOR-H12-TM1B","Homozygous - Lethal"
"Timm50","IP00004892a","Homozygous - Lethal"
"Skida1","MDHR","Homozygous - Subviable"
"F2rl1","IP00005358a","Homozygous - Viable"
"Ptprv","TCPA0569Cre","Homozygous - Viable"
"Tcf19","TCPA0618Cre","Homozygous - Viable"
"Prkab1","HMGU-EPD0033_3_C09-1","Homozygous - Subviable"
"Cdk15","JR23307","Homozygous - Viable"
"Slc25a4","MDKZ","Homozygous - Viable"
"Zfp182","MUAP","Homozygous - Viable"
"5330417C22Rik","IP00005273a","Homozygous - Subviable"
"Sptssa","JR18820","Homozygous - Lethal"
"Rnf20","TCPA0030Cre","Homozygous - Lethal"
"Ppm1a","H-PPM1A-G04-TM1B","Homozygous - Viable"
"Creld2","H-Creld2-F05-TM1B","Homozygous - Viable"
"Bpifb3","H-Bpifb3-G05-TM1B","Homozygous - Viable"
"Ccdc77","MDKE","Homozygous - Viable"
"Agap1","MDVW","Homozygous - Subviable"
"Dynll1","MCSZ","Homozygous - Lethal"
"Rab5c","MDXG","Homozygous - Lethal"
"Cap2","GSF-EPD0155_4_D08-1-1","Homozygous - Subviable"
"Nes","JR24185","Homozygous - Viable"
"Leprot","MENP","Homozygous - Viable"
"Rrad","JR23419","Homozygous - Viable"
"Nagk","H-Nagk-D04-TM1B","Homozygous - Viable"
"Bmx","IP00005336a","Homozygous - Viable"
"Wnt2b","TCPM0202Cre","Homozygous - Viable"
"Panx3","BL3207","Homozygous - Viable"
"Sgpl1","BL3615","Homozygous - Lethal"
"Ptma","ET5625","Homozygous - Lethal"
"H1fx","JR18594","Homozygous - Viable"
"Ang","BL3842","Homozygous - Viable"
"Vps25","TCPA0147Cre","Homozygous - Lethal"
"Il1r2","BL3463","Homozygous - Viable"
"Evl","H-Evl-A03-TM1B","Homozygous - Viable"
"Xbp1","H-Xbp1-E10-TM1B","Homozygous - Lethal"
"Tnik","MDGH","Homozygous - Viable"
"Ankrd9","MEVW","Homozygous - Viable"
"Taar2","BL2358","Homozygous - Viable"
"Syt17","BL2790","Homozygous - Viable"
"Dnaja4","JR22776","Homozygous - Viable"
"Ocstamp","JR18707","Homozygous - Viable"
"D1Pas1","RIKEN-D1Pas1-D4_20120503","Homozygous - Viable"
"Trpc6","RIKEN-N01992P1_C_198W_F10","Homozygous - Viable"
"Mipol1","HMGU-HEPD0688_2_F03-2-1","Homozygous - Viable"
"Dspp","BL3605","Homozygous - Viable"
"Selk","MUAE","Homozygous - Viable"
"Armc7","MUCC","Homozygous - Subviable"
"Fbxo9","TCPM0222Cre","Homozygous - Viable"
"Ifi44","TCPM0200Cre","Homozygous - Viable"
"Nutf2","BL2173-1","Homozygous - Lethal"
"Gpc2","UCD-13172A-C7-1-1","Homozygous - Subviable"
"Pcsk5","JR22341","Homozygous - Lethal"
"Ces4a","JR24189","Homozygous - Viable"
"Klhl29","IP00005147a","Homozygous - Subviable"
"Syt1","MDNJ","Homozygous - Subviable"
"Usp3","MDGD","Homozygous - Subviable"
"Lor","BL4188","Homozygous - Subviable"
"Hspa5","JR19073","Homozygous - Lethal"
"Notch4","TCPA0599Cre","Homozygous - Viable"
"Stard10","H-Stard10-C05-TM1B","Homozygous - Viable"
"Map2k7","MDXN","Homozygous - Lethal"
"Ushbp1","MFGU","Homozygous - Viable"
"Arhgef10","JR22304","Homozygous - Viable"
"Coa5","TCPA0041Cre","Homozygous - Lethal"
"Hace1","H-HACE1-D02-TM1B","Homozygous - Subviable"
"Uqcrb","HMGU-EPD0788_2_H05-1-1","Homozygous - Lethal"
"Fam151b","H-Fam151b-C08-TM1B","Homozygous - Viable"
"Aldh3b1","MUBT","Homozygous - Subviable"
"Acsf2","JR24902","Homozygous - Viable"
"Dnaja1","JR18585","Homozygous - Subviable"
"C8b","H-C8B-E06-TM1B","Homozygous - Viable"
"Tdrkh","JR24039","Homozygous - Viable"
"Vps13d","TCPA0183Cre","Homozygous - Lethal"
"Dars2","MDWP","Homozygous - Lethal"
"Cyb5r2","H-CYB5R2-C08-TM1B","Homozygous - Viable"
"Klf7","H-Klf7-F09-TM1B","Homozygous - Lethal"
"Pram1","H-PRAM1-F12-TM1B","Homozygous - Viable"
"Bok","TCPM0639Cre","Homozygous - Viable"
"Boc","H-BOC-E05-TM1B","Homozygous - Viable"
"Idh2","H-IDH2-G10-TM1B","Homozygous - Viable"
"Lrp1","JR22778","Homozygous - Lethal"
"Rab15","MEAW","Homozygous - Viable"
"Bpifb5","MFGS","Homozygous - Viable"
"Krit1","BL4124","Homozygous - Lethal"
"Kiss1r","BL3929","Homozygous - Viable"
"Mgl2","BL2813","Homozygous - Viable"
"Rgcc","ET8351","Homozygous - Viable"
"Fam210b","BL1690","Homozygous - Viable"
"Dtnbp1","TCPA0069Cre","Homozygous - Viable"
"Mapkapk2","H-Mapkapk2-A02-TM1B","Homozygous - Viable"
"Trip13","JR18553","Homozygous - Viable"
"Pipox","TCPA0564Cre","Homozygous - Viable"
"Ivd","HMGU-HEPD0535_3_F08-1-1","Homozygous - Lethal"
"Atp2a2","Atp2a2","Homozygous - Lethal"
"Cyba","MFAC","Homozygous - Viable"
"Cgn","JR24092","Homozygous - Lethal"
"Crym","JR22015","Homozygous - Viable"
"","UCD-EPD0317_1_C03-1-1","Homozygous - Lethal"
"Slc39a8","H-Slc39a8-D04-TM1B","Homozygous - Lethal"
"Bbs7","JR24979","Homozygous - Lethal"
"Dnajc7","JR22416","Homozygous - Viable"
"Zbtb4","JR23660","Homozygous - Viable"
"Ezr","MDYB","Homozygous - Lethal"
"Tmem189","MBCZ","Homozygous - Viable"
"Slc17a3","H-SLC17A3-F08-TM1B","Homozygous - Viable"
"Nefh","JR18577","Homozygous - Viable"
"Fam96a","MDLT","Homozygous - Viable"
"Adig","BL1918","Homozygous - Viable"
"Man2b2","TCPA0036Cre","Homozygous - Viable"
"Agl","H-Agl-E12-TM1B-2","Homozygous - Subviable"
"Gkn2","BL1301","Homozygous - Viable"
"Adap1","MFPC","Homozygous - Viable"
"Pacsin3","MDUQ","Homozygous - Viable"
"Ush1c","MCSB","Homozygous - Viable"
"Rnf10","JR21511","Homozygous - Subviable"
"Naaa","MEQW","Homozygous - Viable"
"Zranb1","IP00005458a","Homozygous - Subviable"
"Ube2o","JR22419","Homozygous - Subviable"
"Ccdc122","MEWY","Homozygous - Viable"
"Ascc2","Ascc2 EPD0792_5_A06-2","Homozygous - Lethal"
"Nos1ap","Nos1ap EPD0804_4_E01-1","Homozygous - Viable"
"Tbx10","TBXAB","Homozygous - Viable"
"Gm608","Gm608 EPD0431_5_F01","Homozygous - Subviable"
"Fbxl16","Fbxl16 <EPD0380_3_F03>-1","Homozygous - Subviable"
"Bbox1","BDOXB","Homozygous - Subviable"
"Ctdspl2","Ctdspl2 EPD0694_3_B05 HOM","Homozygous - Subviable"
"Alg10b","Alg10b 10825A-D5","Homozygous - Lethal"
"Ogfod3","MENY","Homozygous - Viable"
"Thada","Thada EPD0693_2_C09 HOM","Homozygous - Viable"
"Ckap4","CKADB","Homozygous - Subviable"
"Abca1","ABCCB","Homozygous - Lethal"
"Hspb3","JR18618","Homozygous - Viable"
"Abcb6","MEUK","Homozygous - Viable"
"Glg1","MDJF","Homozygous - Subviable"
"Ndufs1","HMGU-HEPD0685_5_C11-1-1","Homozygous - Lethal"
"Sptssb","JR23424","Homozygous - Viable"
"Ube2b","H-Ube2b-D01-TM1B","Homozygous - Subviable"
"Ralgps2","MDYP","Homozygous - Viable"
"Usp12","GSF-HEPD0538_7_A07-1-2","Homozygous - Viable"
"Ap4e1","H-AP4E1-A08-TM1B","Homozygous - Viable"
"F10","H-F10-G07-TM1B","Homozygous - Lethal"
"Pias2","MEVX","Homozygous - Viable"
"Arhgef7","MEBY","Homozygous - Lethal"
"Gimap6","MFYM","Homozygous - Viable"
"Slc38a10","MDEV","Homozygous - Viable"
"Sec22b","MDZV","Homozygous - Lethal"
"Acsl4","MBGS","Homozygous - Subviable"
"Fggy","MDRB","Homozygous - Viable"
"Atp6v1d","IP00004932a","Homozygous - Lethal"
"Synpo2","IP00005112a","Homozygous - Lethal"
"Sgms1","MEBK","Homozygous - Viable"
"Wfdc18","MDKQ","Homozygous - Viable"
"Fgf7","H-FGF7-F12-TM1B","Homozygous - Viable"
"Fam134c","H-Fam134c-B03-TM1B","Homozygous - Viable"
"4933430I17Rik","E112JM8N4-2","Homozygous - Viable"
"Dnajc9","JR22340","Homozygous - Lethal"
"Atg3","H-ATG3-G06-TM1B","Homozygous - Lethal"
"Scnn1b","H-SCNN1B-D10-TM1B","Homozygous - Lethal"
"Abcb9","TCPM0210Cre","Homozygous - Viable"
"Prkab1","RIKEN_EPD0033_3_C09","Homozygous - Viable"
"Fgf10","H-Fgf10-A02-TM1B","Homozygous - Lethal"
"2700097O09Rik","ET8306","Homozygous - Viable"
"Ssbp1","MEPZ","Homozygous - Lethal"
"Atn1","H-ATN1-F08-TM1B","Homozygous - Viable"
"Mtss1l","MFDT","Homozygous - Viable"
"Syndig1l","BL1472","Homozygous - Viable"
"Praf2","MEFJ","Homozygous - Viable"
"Osbpl3","MGCS","Homozygous - Viable"
"Ido2","MECR","Homozygous - Viable"
"Oas1g","MDGP","Homozygous - Viable"
"Tomm20l","MEJY","Homozygous - Viable"
"Cyp4b1","HMGU-EPD0078_3_C03-1-1","Homozygous - Viable"
"Paqr6","Paqr6 <EPD0490_5_C10>-1","Homozygous - Viable"
"Foxj3","Foxj3 EPD0536_5_B08-2","Homozygous - Viable"
"Fgfr4","Fgfr4 EPD0354_5_C09","Homozygous - Viable"
"Adamts13","Adamts13 EPD0423_2_B08 HOM","Homozygous - Viable"
"Cdipt","Cdipt 2i EPD0459_3_A04 HOM","Homozygous - Lethal"
"Fam13b","FAMMB","Homozygous - Subviable"
"Col14a1","COLEB","Homozygous - Viable"
"Ntn4","NTNCB","Homozygous - Viable"
"Mapkap1","Mapkap1 EPD0609_2_F05-B","Homozygous - Lethal"
"Wdr59","WDRBB","Homozygous - Lethal"
"2210010C04Rik","2210010C04Rik <EPD0709_4_E11>-1","Homozygous - Viable"
"Hyal4","HYALB","Homozygous - Viable"
"Nr1d1","Nr1d1 11705A-E7","Homozygous - Subviable"
"Pyroxd1","PYROB","Homozygous - Lethal"
"Ascc2","Ascc2 EPD0792_5_A06","Homozygous - Lethal"
"Fbxw9","Fbxw9 EPD0485_1_H05","Homozygous - Viable"
"Smdt1","SMDBB","Homozygous - Lethal"
"Snrnp27","SNRBB","Homozygous - Lethal"
"Dhx40","METDB","Homozygous - Viable"
"Tfeb","Tfeb EPD0454_1_A04","Homozygous - Lethal"
"Ptgr1","Ptgr1 <EPD0045_3_G02>-1","Homozygous - Viable"
"Nr6a1","NRADB","Homozygous - Lethal"
"Anapc4","ANADB","Homozygous - Lethal"
"Tead1","Tead1 EPD0207_2_C09-1","Homozygous - Lethal"
"Vps4a","VPSSB","Homozygous - Lethal"
"Vps37d","Vps37d EPD0554_9_D02-1","Homozygous - Lethal"
"Prdm14","BCM-1-E12-1-1","Homozygous - Viable"
"Pde12","Pde12 EPD0528_5_D09 HOM","Homozygous - Lethal"
"Memo1","Memo1 EPD0785_3_A06 HOM","Homozygous - Lethal"
"Scarb1","SCALB","Homozygous - Viable"
"Memo1","Memo1 EPD0785_3_A06","Homozygous - Lethal"
"Dnase1l2","DNASB","Homozygous - Subviable"
"Fbxw9","Fbxw9 EPD0485_1_H05-2","Homozygous - Subviable"
"1110001J03Rik","1110001J03Rik EPD0647_2_B09","Homozygous - Subviable"
"Ftsj1","Ftsj1 EPD0155_5_B01-1","Homozygous - Viable"
"Mapkap1","Mapkap1 EPD0609_2_F05-1","Homozygous - Lethal"
"Dnajc15","DNADB","Homozygous - Viable"
"Dlg4","MEEV","Homozygous - Viable"
"Aard","ET8309","Homozygous - Viable"
"Rasgrp4","MEQZ","Homozygous - Viable"
"Plekhm1","TCPA0121Cre","Homozygous - Viable"
"Rapsn","H-RAPSN-E06-TM1B","Homozygous - Lethal"
"Sel1l","MDYY","Homozygous - Lethal"
"Tbx4","BL3511","Homozygous - Lethal"
"S100a14","TCPA0562Cre","Homozygous - Subviable"
"Chd2","TCPM0638Cre","Homozygous - Viable"
"Nae1","IP00005028a","Homozygous - Lethal"
"Tgif2","IP00005359a","Homozygous - Lethal"
"Tceal5","MEGQ","Homozygous - Viable"
"1700011A15Rik","MFUU","Homozygous - Viable"
"Dnmt3a","JR18838","Homozygous - Subviable"
"Plscr1","IP00004675a","Homozygous - Viable"
"Ino80","E105JM8N4-70","Homozygous - Subviable"
"Gja8","H-Gj8a-G06-TM1B","Homozygous - Viable"
"Sfxn3","MUBE","Homozygous - Viable"
"Col4a3","H-COL4A3-B07-TM1B","Homozygous - Viable"
"Slc16a6","MECE","Homozygous - Viable"
"Fgf22","H-Fgf22-F04-TM1B","Homozygous - Viable"
"Ropn1l","MUBF","Homozygous - Viable"
"Dixdc1","JR18584","Homozygous - Viable"
"Tead1","Tead1 EPD0207_2_C09 HOM","Homozygous - Lethal"
"Arhgap33","ARHHB","Homozygous - Subviable"
"Acat2","Acat2 EPD0797_6_H04-1","Homozygous - Lethal"
"Ccdc94","CCDDB","Homozygous - Lethal"
"1700007G11Rik","1700007G11Rik <EPD0546_8_E04>-1","Homozygous - Viable"
"Cacna1i","Cacna1i EPD0807_2_A02 HOM","Homozygous - Viable"
"Nr1d1","Nr1d1 11705A-E7-1","Homozygous - Viable"
"Tmem132a","Tmem132a EPD0111_5_B06","Homozygous - Lethal"
"1700023E05Rik","1700023E05Rik EPD0762_5_G04","Homozygous - Viable"
"1700006E09Rik","RICMB","Homozygous - Viable"
"Cts6","CTSSB","Homozygous - Viable"
"Adsl","ADSBB","Homozygous - Lethal"
"Tspyl2","Tspyl2 EPD0706_5_B03","Homozygous - Viable"
"Mogs","BCM-10584B-F8-2-1","Homozygous - Lethal"
"Fbxo31","Fbxo31 <EPD0631_4_E11>-1","Homozygous - Viable"
"1700125H20Rik","1700125H20Rik <EPD0473_3_E11>-1","Homozygous - Viable"
"Prdm14","PRDM14 E12","Homozygous - Viable"
"Celf6","Celf6 EPD0681_3_B10","Homozygous - Viable"
"Ublcp1","Ublcp1 EPD0652_6_B08","Homozygous - Subviable"

