sh_id	original_fasta_id_count	original_fasta_ids	qub_id_count	qub_ids	sequence_identifier_count	sequence_identifiers
SH_0007	2	DYG755_26587555_26587555; HOB488_50974888_50974888	2	QUB_0009; QUB_0169	2	QUB_63F_0009; QUB_27F_0169
SH_0008	4	DYG769_26587692_26587692; HOB487_50974871_50974871; JTQ749_65947495_65947495; JTQ750_65947501_65947501	2	QUB_0021; QUB_0168	2	QUB_63F_0021; QUB_27F_0168
SH_0043	3	ELX847_30138477_30138477; ELX848_30138484_30138484; ELX848C_30138484_30138484	1	QUB_0072	1	QUB_1387FC_0072
SH_0044	8	ELX843_30138439_30138439; ELX844_30138446_30138446; ELX844C_30138446_30138446; IWS844_59988442_59988442; JDP762_61777621_H11; JTQ773_65947730_65947730; JTQ774_65947747_65947747; KCX852_68358526_68358526	3	QUB_0070; QUB_0582; QUB_0663	3	QUB_1387FC_0070; QUB_27F_0582; QUB_27F_0663
SH_0045	3	ELX819_30138194_30138194; ELX820_30138200_30138200; IWS854_59988541_59988541	1	QUB_0056	1	QUB_63F_0056
SH_0046	5	DYG790_26587906_26587906; JTQ725_65947259_65947259; JTQ726_65947266_65947266; KCX849_68358496_68358496; KCX850_68358502_68358502	1	QUB_0041	1	QUB_63F_0041
SH_0047	2	ELX825_30138255_30138255; ELX826_30138262_30138262	1	QUB_0059	1	QUB_63F_0059
SH_0048	2	ELX813_30138132_30138132; ELX814_30138149_30138149	1	QUB_0053	1	QUB_63F_0053
SH_0049	2	ELX853_30138538_30138538; ELX854_30138545_30138545	1	QUB_0075	1	QUB_63F_0075
SH_0050	4	ELX807_30138071_30138071; ELX808_30138088_30138088; HOB513_50975137_50975137; IWS783_59987834_59987834	3	QUB_0050; QUB_0170; QUB_0537	3	QUB_63F_0050; QUB_27F_0170; QUB_27F_0537
SH_0051	2	ELX849_30138491_30138491; ELX850_30138507_30138507	1	QUB_0073	1	QUB_63F_0073
SH_0052	2	ELX845_30138453_30138453; ELX846_30138460_30138460	1	QUB_0071	1	QUB_63F_0071
SH_0053	2	ELX839_30138392_30138392; ELX840_30138408_30138408	1	QUB_0068	1	QUB_63F_0068
SH_0054	4	ELX805_30138057_30138057; ELX806_30138064_30138064; ELX806C_30138064_30138064; IWS853_59988534_59988534	2	QUB_0049; QUB_0591	2	QUB_1387FC_0049; QUB_27F_0591
SH_0055	4	ELX841_30138415_30138415; ELX842_30138422_30138422; IWS780_59987803_59987803; IWS843_59988435_59988435	2	QUB_0069; QUB_0534	2	QUB_63F_0069; QUB_27F_0534
SH_0056	2	ELX809_30138095_30138095; ELX810_30138101_30138101	1	QUB_0051	1	QUB_63F_0051
SH_0057	2	ELX851_30138514_30138514; ELX852_30138521_30138521	1	QUB_0074	1	QUB_63F_0074
SH_0058	2	ELX811_30138118_30138118; ELX812_30138125_30138125	1	QUB_0052	1	QUB_63F_0052
SH_0059	3	ELX829_30138293_30138293; ELX830_30138309_30138309; IPO320_58123202_58123202	2	QUB_0062; QUB_0172	2	QUB_63F_0062; QUB_27F_0172
SH_0060	2	ELX815_30138156_30138156; ELX816_30138163_30138163	1	QUB_0054	1	QUB_63F_0054
SH_0061	2	ELX821_30138217_30138217; ELX822_30138224_30138224	1	QUB_0057	1	QUB_63F_0057
SH_0062	1	DYG773_26587739_26587739	1	QUB_0025	1	QUB_63F_0025
SH_0063	2	ELX837_30138378_30138378; ELX838_30138385_30138385	1	QUB_0067	1	QUB_63F_0067
SH_0064	2	ELX823_30138231_30138231; ELX824_30138248_30138248	1	QUB_0058	1	QUB_63F_0058
SH_0065	1	GBF587_40875874_40875874	1	QUB_0103	1	QUB_63F_0103
SH_0066	2	ELX857_30138576_30138576; ELX858_30138583_30138583	1	QUB_0076	1	QUB_63F_0076
SH_0067	2	JTQ722_65947228_65947228; JTQ723_65947235_65947235	0		0	
SH_0067_M7	1	ELX827_30138279_30138279	1	QUB_0060	1	QUB_63F_0060
SH_0068	1	GBF600_40876000_40876000	1	QUB_0114	1	QUB_63F_0114
SH_0069_J9	1	GEC604_41626048_41626048	1	QUB_0138	1	QUB_63F_0138
SH_0070	1	GBF588_40875881_40875881	1	QUB_0104	1	QUB_63F_0104
SH_0071.1.1	1	IPO319_58123196_58123196	1	QUB_0171	1	QUB_27F_0171
SH_0071.1.2	2	IPO324_58123240_58123240; IPO334_58123349_58123349	0		0	
SH_0071.2.2	3	IPO335_58123356_58123356; IVZ014_59790144_59790144; IWS781_59987810_59987810	1	QUB_0535	1	QUB_27F_0535
SH_0071.3	1	IPO338_58123387_58123387	1	QUB_0183	1	QUB_27F_0183
SH_0071_M13	1	GLE319_43463191_43463191	1	QUB_0158	1	QUB_63F_0158
SH_0072	1	GBF616_40876161_40876161	1	QUB_0127	1	QUB_63F_0127
SH_0073	1	DYG793_26587937_26587937	1	QUB_0043	1	QUB_63F_0043
SH_0074	1	DYG779_26587791_26587791	1	QUB_0031	1	QUB_63F_0031
SH_0075_J4	1	GEC615_41626154_41626154	1	QUB_0143	1	QUB_63F_0143
SH_0076	3	DYG756_26587562_26587562; IPO323_58123233_58123233; IWS765_59987650_59987650	3	QUB_0010; QUB_0174; QUB_0520	3	QUB_63F_0010; QUB_27F_0174; QUB_27F_0520
SH_0077	1	GBF611_40876116_40876116	1	QUB_0124	1	QUB_63F_0124
SH_0078	2	ELX859_30138590_30138590; ELX860_30138606_30138606	1	QUB_0077	1	QUB_63F_0077
SH_0079	1	DYG754_26587548_26587548	1	QUB_0008	1	QUB_63F_0008
SH_0080	3	DYG781_26587814_26587814; IPO322_58123226_58123226; IWS766_59987667_59987667	3	QUB_0033; QUB_0173; QUB_0521	3	QUB_63F_0033; QUB_27F_0173; QUB_27F_0521
SH_0082	1	DYG789_26587890_26587890	1	QUB_0040	1	QUB_63F_0040
SH_0083	1	GBF602_40876024_40876024	1	QUB_0116	1	QUB_63F_0116
SH_0084	1	GBF604_40876048_40876048	1	QUB_0118	1	QUB_63F_0118
SH_0085_M9	1	ELX832_30138323_30138323	1	QUB_0064	1	QUB_63F_0064
SH_0086_M19	1	GLE325_43463252_43463252	1	QUB_0163	1	QUB_63F_0163
SH_0087	1	DYG758_26587586_26587586	1	QUB_0012	1	QUB_63F_0012
SH_0088	1	DYG759_26587593_26587593	1	QUB_0013	1	QUB_63F_0013
SH_0089	1	DYG751_26587517_26587517	1	QUB_0005	1	QUB_63F_0005
SH_0090	3	DYG780_26587807_26587807; IPO327_58123271_58123271; IWS767_59987674_59987674	3	QUB_0032; QUB_0177; QUB_0522	3	QUB_63F_0032; QUB_27F_0177; QUB_27F_0522
SH_0091	3	DYG770_26587708_26587708; IPO326_58123264_58123264; IWS763_59987636_59987636	3	QUB_0022; QUB_0176; QUB_0519	3	QUB_63F_0022; QUB_27F_0176; QUB_27F_0519
SH_0092	3	DYG774_26587746_26587746; JTQ727_65947273_65947273; JTQ728_65947280_65947280	1	QUB_0026	1	QUB_63F_0026
SH_0093	1	GBF596_40875966_40875966	1	QUB_0110	1	QUB_63F_0110
SH_0094	1	GBF617_40876178_40876178	1	QUB_0128	1	QUB_63F_0128
SH_0095	2	KCX855_68358557_68358557; KCX856_68358564_68358564	0		0	
SH_0095_M23	1	GLE327_43463276_43463276	1	QUB_0165	1	QUB_63F_0165
SH_0096	1	ELX894_30138941_30138941	1	QUB_0092	1	QUB_63F_0092
SH_0097	2	DYG775_26587753_26587753; DYG791_26587913_26587913	1	QUB_0027	1	QUB_63F_0027
SH_0098	1	DYG782_26587821_26587821	1	QUB_0034	1	QUB_63F_0034
SH_0099	4	DYG764_26587647_26587647; IPO337_58123370_58123370; IWS764_59987643_59987643; IWS852_59988527_59988527	2	QUB_0018; QUB_0590	2	QUB_63F_0018; QUB_27F_0590
SH_0100	1	GBF581_40875812_40875812	1	QUB_0097	1	QUB_63F_0097
SH_0101	1	GBF590_40875904_40875904	1	QUB_0105	1	QUB_63F_0105
SH_0101.1	1	IPO325_58123257_58123257	1	QUB_0175	1	QUB_27F_0175
SH_0101.2	1	IPO330_58123301_58123301	1	QUB_0179	1	QUB_27F_0179
SH_0102_J3	1	GEC612_41626123_41626123	0		0	
SH_0103	2	DYG771_26587715_26587715; IWS786_59987865_59987865	2	QUB_0023; QUB_0540	2	QUB_63F_0023; QUB_27F_0540
SH_0104	1	DYG787_26587876_26587876	1	QUB_0039	1	QUB_63F_0039
SH_0105	1	GBF585_40875850_40875850	1	QUB_0101	1	QUB_63F_0101
SH_0106	1	GBF583_40875836_40875836	1	QUB_0099	1	QUB_63F_0099
SH_0107_M2	1	DYG741_26587418_26587418	1	QUB_0002	1	QUB_63F_0002
SH_0108	1	DYG749_26587494_26587494	1	QUB_0003	1	QUB_63F_0003
SH_0109	1	GBF618_40876185_40876185	1	QUB_0129	1	QUB_63F_0129
SH_0110	1	DYG767_26587678_26587678	1	QUB_0019	1	QUB_63F_0019
SH_0111	2	GBF586_40875867_40875867; IWS768_59987681_59987681	2	QUB_0102; QUB_0523	2	QUB_63F_0102; QUB_27F_0523
SH_0111.1	2	IPO329_58123295_58123295; IPO339_58123394_A12	0		0	
SH_0111.2	0		0		0	
SH_0112	1	DYG750_26587500_26587500	1	QUB_0004	1	QUB_63F_0004
SH_0113	1	DYG777_26587777_26587777	1	QUB_0029	1	QUB_63F_0029
SH_0114	1	DYG796_26587968_26587968	1	QUB_0046	1	QUB_63F_0046
SH_0115	1	GBF594_40875942_40875942	1	QUB_0108	1	QUB_63F_0108
SH_0116	1	ELX891_30138910_30138910	1	QUB_0090	1	QUB_63F_0090
SH_0117_M3	1	DYG740_26587401_26587401	1	QUB_0001	1	QUB_63F_0001
SH_0118	2	ELX833_30138330_30138330; ELX834_30138347_30138347	1	QUB_0065	1	QUB_63F_0065
SH_0119	1	GBF603_40876031_40876031	1	QUB_0117	1	QUB_63F_0117
SH_0120_M22	1	GLE328_43463283_43463283	1	QUB_0166	1	QUB_63F_0166
SH_0121	1	GBF614_40876147_40876147	1	QUB_0125	1	QUB_63F_0125
SH_0122	1	DYG783_26587838_26587838	1	QUB_0035	1	QUB_63F_0035
SH_0123	2	ELX863_30138637_30138637; IPO328_58123288_58123288	2	QUB_0079; QUB_0178	2	QUB_63F_0079; QUB_27F_0178
SH_0123_M11	1	IWS782_59987827_59987827	1	QUB_0536	1	QUB_27F_0536
SH_0124	1	DYG757_26587579_26587579	1	QUB_0011	1	QUB_63F_0011
SH_0125	1	DYG795_26587951_26587951	1	QUB_0045	1	QUB_63F_0045
SH_0126	1	GBF584_40875843_40875843	1	QUB_0100	1	QUB_63F_0100
SH_0127	3	GBF592_40875928_40875928; IPO333_58123332_58123332; IWS859_59988596_59988596	3	QUB_0106; QUB_0182; QUB_0596	3	QUB_63F_0106; QUB_27F_0182; QUB_27F_0596
SH_0128	1	GBF595_40875959_40875959	1	QUB_0109	1	QUB_63F_0109
SH_0129	2	GBF593_40875935_40875935; IWS769_59987698_59987698	2	QUB_0107; QUB_0524	2	QUB_63F_0107; QUB_27F_0524
SH_0129.1	0		0		0	
SH_0129.2	2	IPO332_58123325_58123325; IVY969_59789698_59789698	2	QUB_0181; QUB_0498	2	QUB_27F_0181; QUB_27F_0498
SH_0130	2	GBF605_40876055_40876055; IWS770_59987704_59987704	2	QUB_0119; QUB_0525	2	QUB_63F_0119; QUB_27F_0525
SH_0131	1	GBF606_40876062_40876062	1	QUB_0120	1	QUB_63F_0120
SH_0132_M6	1	ELX900_30139009_30139009	1	QUB_0096	1	QUB_63F_0096
SH_0133_M10	1	ELX831_30138316_30138316	1	QUB_0063	1	QUB_63F_0063
SH_0134	1	DYG761_26587616_26587616	1	QUB_0015	1	QUB_63F_0015
SH_0135_E2	1	GEC596_41625966_41625966	1	QUB_0131	1	QUB_63F_0131
SH_0136_E7	1	GEC603_41626031_41626031	1	QUB_0137	1	QUB_63F_0137
SH_0137	1	GBF582_40875829_40875829	1	QUB_0098	1	QUB_63F_0098
SH_0138	1	GBF610_40876109_40876109	1	QUB_0123	1	QUB_63F_0123
SH_0138.1	0		0		0	
SH_0138.2	0		0		0	
SH_0139_M5	1	ELX898_30138989_30138989	1	QUB_0095	1	QUB_63F_0095
SH_0140_M24	1	GLE326_43463269_43463269	1	QUB_0164	1	QUB_63F_0164
SH_0141	4	ELX880_30138804_30138804; IPO331_58123318_58123318; IWS785_59987858_59987858; IWS856_59988565_59988565	3	QUB_0180; QUB_0539; QUB_0593	3	QUB_27F_0180; QUB_27F_0539; QUB_27F_0593
SH_0142	2	DYG786_26587869_26587869; IWS784_59987841_59987841	2	QUB_0038; QUB_0538	2	QUB_63F_0038; QUB_27F_0538
SH_0143	1	ELX892_30138927_30138927	1	QUB_0091	1	QUB_63F_0091
SH_0144	0		0		0	
SH_0144_M12	1	ELX862_30138620_30138620	1	QUB_0078	1	QUB_63F_0078
SH_0145_M16	1	GLE322_43463221_43463221	1	QUB_0161	1	QUB_63F_0161
SH_0146	1	DYG752_26587524_26587524	1	QUB_0006	1	QUB_63F_0006
SH_0147	1	DYG776_26587760_26587760	1	QUB_0028	1	QUB_63F_0028
SH_0148	0		0		0	
SH_0149_E4	1	GEC600_41626000_41626000	1	QUB_0134	1	QUB_63F_0134
SH_0150	1	GBF607_40876079_40876079	1	QUB_0121	1	QUB_63F_0121
SH_0151_M8	1	ELX828_30138286_30138286	1	QUB_0061	1	QUB_63F_0061
SH_0152_M14	1	GLE318_43463184_43463184	1	QUB_0157	1	QUB_63F_0157
SH_0153	0		0		0	
SH_0154	1	GBF599_40875997_40875997	1	QUB_0113	1	QUB_63F_0113
SH_0155_M20	1	GLE324_43463245_43463245	0		0	
SH_0156_M21	1	GLE323_43463238_43463238	1	QUB_0162	1	QUB_63F_0162
SH_0157	4	DYG760_26587609_26587609; IPO336_58123363_58123363; IVY968_59789681_59789681; IWS846_59988466_59988466	2	QUB_0014; QUB_0584	2	QUB_63F_0014; QUB_27F_0584
SH_0158_E6	1	GEC598_41625980_41625980	1	QUB_0133	1	QUB_63F_0133
SH_0159	1	GBF597_40875973_40875973	1	QUB_0111	1	QUB_63F_0111
SH_0160_M1	1	GLE296_43462965_43462965	1	QUB_0144	1	QUB_63F_0144
SH_0161	1	IWS779_59987797_59987797	1	QUB_0533	1	QUB_27F_0533
SH_0161_M18	1	GLE320_43463207_43463207	1	QUB_0159	1	QUB_63F_0159
SH_0162	1	GBF598_40875980_40875980	1	QUB_0112	1	QUB_63F_0112
SH_0163	1	DYG785_26587852_26587852	1	QUB_0037	1	QUB_63F_0037
SH_0164	1	DYG768_26587685_26587685	1	QUB_0020	1	QUB_63F_0020
SH_0165_E1	1	GEC597_41625973_41625973	1	QUB_0132	1	QUB_63F_0132
SH_0166_J8	1	GEC614_41626147_41626147	1	QUB_0142	1	QUB_63F_0142
SH_0167_M15	1	GLE317_43463177_43463177	1	QUB_0156	1	QUB_63F_0156
SH_0168	4	ELX801_30138019_30138019; ELX802_30138026_30138026; JTQ757_65947570_65947570; JTQ758_65947587_65947587	1	QUB_0048	1	QUB_63F_0048
SH_0169	1	DYG753_26587531_26587531	1	QUB_0007	1	QUB_63F_0007
SH_0170	1	DYG792_26587920_26587920	1	QUB_0042	1	QUB_63F_0042
SH_0171_E9	1	GEC602_41626024_41626024	1	QUB_0136	1	QUB_63F_0136
SH_0172_J2	1	GEC609_41626093_41626093	1	QUB_0140	1	QUB_63F_0140
SH_0173	1	IPO339_58123394_B12	1	QUB_0193	1	QUB_27F_0193
SH_0174	1	DYG794_26587944_26587944	1	QUB_0044	1	QUB_63F_0044
SH_0175_M17	1	GLE321_43463214_43463214	1	QUB_0160	1	QUB_63F_0160
SH_0176_J7	1	GEC611_41626116_41626116	1	QUB_0141	1	QUB_63F_0141
SH_0232	0		0		0	
SH_0233	0		0		0	
SH_0234	0		0		0	
SH_0235	0		0		0	
SH_0236	0		0		0	
SH_0237	0		0		0	
SH_0238	0		0		0	
SH_0239	0		0		0	
SH_0240	0		0		0	
SH_0241	0		0		0	
SH_0242	0		0		0	
SH_0243	0		0		0	
SH_0244	0		0		0	
SH_0245	0		0		0	
SH_0246	0		0		0	
SH_0247	0		0		0	
SH_0248	0		0		0	
SH_0249	3	ELX803_30138033_30138033; ELX804_30138040_30138040; IWS858_59988589_59988589	1	QUB_0595	1	QUB_27F_0595
SH_0249.1	3	GLE299_43462996_43462996; GLE300_43463009_43463009; IWS857_59988572_59988572	3	QUB_0145; QUB_0146; QUB_0594	3	QUB_63F_0145; QUB_63F_0146; QUB_27F_0594
SH_0250	2	GLE303_43463030_43463030; IWS851_59988510_59988510	2	QUB_0149; QUB_0589	2	QUB_63F_0149; QUB_27F_0589
SH_0250.1	1	IWS850_59988503_59988503	1	QUB_0588	1	QUB_27F_0588
SH_0251	4	ELX855_30138552_30138552; ELX856_30138569_30138569; GLE304_43463047_43463047; IWS849_59988497_59988497	2	QUB_0150; QUB_0587	2	QUB_63F_0150; QUB_27F_0587
SH_0251.1	1	IWS848_59988480_59988480	1	QUB_0586	1	QUB_27F_0586
SH_0252	2	GLE305_43463054_43463054; IWS847_59988473_59988473	2	QUB_0151; QUB_0585	2	QUB_63F_0151; QUB_27F_0585
SH_0252.1	2	GLE306_43463061_43463061; IWS845_59988459_59988459	2	QUB_0152; QUB_0583	2	QUB_63F_0152; QUB_27F_0583
SH_0253	3	ELX817_30138170_30138170; ELX818_30138187_30138187; ELX818C_30138187_30138187	1	QUB_0055	1	QUB_1387FC_0055
SH_0254	2	GLE302_43463023_43463023; IWS855_59988558_59988558	2	QUB_0148; QUB_0592	2	QUB_63F_0148; QUB_27F_0592
SH_0254.1	2	GLE301_43463016_43463016; IWS789_59987896_59987896	2	QUB_0147; QUB_0543	2	QUB_63F_0147; QUB_27F_0543
SH_0255	1	DYG762_26587623_26587623	1	QUB_0016	1	QUB_63F_0016
SH_0256	1	DYG763_26587630_26587630	1	QUB_0017	1	QUB_63F_0017
SH_0257	1	IWS818_59988183_59988183	1	QUB_0559	1	QUB_27F_0559
SH_0258	0		0		0	
SH_0259	2	IWS828_59988282_59988282; JDP762_61777621_F8	1	QUB_0569	1	QUB_27F_0569
SH_0260	0		0		0	
SH_0261	2	IWS817_59988176_59988176; IWS827_59988275_59988275	1	QUB_0568	1	QUB_27F_0568
SH_0262	3	IWS816_59988169_59988169; KCX861_68358618_68358618; KCX862_68358625_68358625	1	QUB_0558	1	QUB_27F_0558
SH_0263	2	IWS826_59988268_59988268; JDP762_61777621_C11	1	QUB_0567	1	QUB_27F_0567
SH_0264	3	IWS819_59988190_59988190; JTQ759_65947594_65947594; JTQ760_65947600_65947600	1	QUB_0560	1	QUB_27F_0560
SH_0265	2	IWS831_59988312_59988312; JDP762_61777621_H10	1	QUB_0572	1	QUB_27F_0572
SH_0266	1	JDP762_61777621_F11	1	QUB_0645	1	QUB_27F_0645
SH_0267	0		0		0	
SH_0268	0		0		0	
SH_0269	2	IWS830_59988305_59988305; JDP762_61777621_F10	1	QUB_0571	1	QUB_27F_0571
SH_0270	0		0		0	
SH_0271	0		0		0	
SH_0272	0		0		0	
SH_0273	0		0		0	
SH_0274	0		0		0	
SH_0275	2	IWS829_59988299_59988299; JDP762_61777621_E8	1	QUB_0570	1	QUB_27F_0570
SH_0276	0		0		0	
SH_0277	2	IWS812_59988121_59988121; IWS832_59988329_59988329	1	QUB_0573	1	QUB_27F_0573
SH_0278	1	JDP762_61777621_B11	1	QUB_0609	1	QUB_27F_0609
SH_0279	0		0		0	
SH_0280	0		0		0	
SH_0281	0		0		0	
SH_0282	0		0		0	
SH_0283	2	IWS814_59988145_59988145; IWS833_59988336_59988336	1	QUB_0574	1	QUB_27F_0574
SH_0284	0		0		0	
SH_0285	2	IWS834_59988343_59988343; JDP762_61777621_D8	1	QUB_0575	1	QUB_27F_0575
SH_0286	2	IWS813_59988138_59988138; IWS835_59988350_59988350	1	QUB_0576	1	QUB_27F_0576
SH_0287	0		0		0	
SH_0288	0		0		0	
SH_0289	6	IWS811_59988114_59988114; IWS836_59988367_59988367; JTQ729_65947297_65947297; JTQ730_65947303_65947303; JTQ765_65947655_65947655; JTQ766_65947662_65947662	1	QUB_0577	1	QUB_27F_0577
SH_0290	2	IWS815_59988152_59988152; IWS837_59988374_59988374	1	QUB_0578	1	QUB_27F_0578
SH_0291	0		0		0	
SH_0292	0		0		0	
SH_0293	1	JDP762_61777621_E11	1	QUB_0636	1	QUB_27F_0636
SH_0294	0		0		0	
SH_0295	0		0		0	
SH_0296	0		0		0	
SH_0297	0		0		0	
SH_0298	0		0		0	
SH_0299	0		0		0	
SH_0300	0		0		0	
SH_0301	2	IWS809_59988091_59988091; IWS838_59988381_59988381	1	QUB_0579	1	QUB_27F_0579
SH_0302	1	JDP762_61777621_D9	1	QUB_0634	1	QUB_27F_0634
SH_0303	1	JDP762_61777621_B10	1	QUB_0608	1	QUB_27F_0608
SH_0304	1	JDP762_61777621_B9	1	QUB_0617	1	QUB_27F_0617
SH_0305	1	JDP762_61777621_H8	1	QUB_0669	1	QUB_27F_0669
SH_0306	1	JDP762_61777621_A9	1	QUB_0606	1	QUB_27F_0606
SH_0307	1	JDP762_61777621_C9	1	QUB_0624	1	QUB_27F_0624
SH_0308	1	JDP762_61777621_G9	1	QUB_0661	1	QUB_27F_0661
SH_0309	1	JDP762_61777621_H9	1	QUB_0670	1	QUB_27F_0670
SH_0310	1	JDP762_61777621_C10	1	QUB_0618	1	QUB_27F_0618
SH_0311	1	JDP762_61777621_A10	1	QUB_0597	1	QUB_27F_0597
SH_0312	2	JDP762_61777621_E10; JDP763_61777638_61777638	1	QUB_0671	1	QUB_27F_0671
SH_0313	2	JDP762_61777621_G8; JDP764_61777645_61777645	1	QUB_0672	1	QUB_27F_0672
SH_0314	1	JDP762_61777621_D11	1	QUB_0626	1	QUB_27F_0626
SH_0315	1	JDP762_61777621_A11	1	QUB_0598	1	QUB_27F_0598
SH_0316	1	JDP762_61777621_D10	0		0	
SH_0317	2	JDP762_61777621_G10; JDP765_61777652_61777652	1	QUB_0673	1	QUB_27F_0673
SH_0318	0		0		0	
SH_0319	0		0		0	
SH_0320	0		0		0	
SH_0321	0		0		0	
SH_0322	0		0		0	
SH_0323	0		0		0	
SH_0324	0		0		0	
SH_0325	0		0		0	
SH_0326	0		0		0	
SH_0327	0		0		0	
SH_0328	0		0		0	
SH_0329	0		0		0	
SH_0330	0		0		0	
SH_0331	0		0		0	
SH_0332	0		0		0	
SH_0333	0		0		0	
SH_0334	0		0		0	
SH_0335	0		0		0	
SH_0336	0		0		0	
SH_0337	0		0		0	
SH_0338	0		0		0	
SH_0339	0		0		0	
SH_0340	0		0		0	
SH_0341	0		0		0	
SH_0342	0		0		0	
SH_0343	0		0		0	
SH_0344	1	IWS810_59988107_59988107	1	QUB_0557	1	QUB_27F_0557
SH_0345	4	GBF580_40875805_40875805; GLE309_43463092_43463092; IWS842_59988428_59988428; JDP762_61777621_A12	0		0	
SH_0346	1	DYG772_26587722_26587722	1	QUB_0024	1	QUB_63F_0024
SH_0347	1	DYG778_26587784_26587784	1	QUB_0030	1	QUB_63F_0030
SH_0348	1	DYG784_26587845_26587845	1	QUB_0036	1	QUB_63F_0036
SH_0349	3	GBF589_40875898_40875898; GLE310_43463108_43463108; IWS788_59987889_59987889	2	QUB_0153; QUB_0542	2	QUB_63F_0153; QUB_27F_0542
SH_0350	3	GBF591_40875911_40875911; GLE311_43463115_43463115; JDP762_61777621_B12	2	QUB_0154; QUB_0610	2	QUB_63F_0154; QUB_27F_0610
SH_0351	1	GBF601_40876017_40876017	1	QUB_0115	1	QUB_63F_0115
SH_0352	3	GBF608_40876086_40876086; GLE312_43463122_43463122; IWS787_59987872_59987872	2	QUB_0155; QUB_0541	2	QUB_63F_0155; QUB_27F_0541
SH_0353	1	GBF609_40876093_40876093	1	QUB_0122	1	QUB_63F_0122
SH_0354	3	GBF613_40876130_40876130; GLE313_43463139_43463139; JDP762_61777621_C12	0		0	
SH_0355	2	GBF615_40876154_40876154; JDP762_61777621_D12	2	QUB_0126; QUB_0627	2	QUB_63F_0126; QUB_27F_0627
SH_0356	1	GBF619_40876192_40876192	1	QUB_0130	1	QUB_63F_0130
SH_0357	3	DYG788_26587883_26587883; GLE314_43463146_43463146; IWS792_59987926_59987926	0		0	
SH_0358	2	GEC606_41626062_41626062; IWS791_59987919_59987919	2	QUB_0139; QUB_0545	2	QUB_63F_0139; QUB_27F_0545
SH_0359	1	DYG797_26587975_26587975	1	QUB_0047	1	QUB_63F_0047
SH_0360	1	ELX895_30138958_30138958	1	QUB_0093	1	QUB_63F_0093
SH_0361	1	ELX897_30138972_30138972	1	QUB_0094	1	QUB_63F_0094
SH_0362	6	ELX881_30138811_30138811; IWS790_59987902_59987902; JTQ731_65947310_65947310; JTQ732_65947327_65947327; JTQ763_65947631_65947631; JTQ764_65947648_65947648	2	QUB_0084; QUB_0544	2	QUB_63F_0084; QUB_27F_0544
SH_0363	2	ELX878_30138781_30138781; IWS795_59987957_59987957	2	QUB_0082; QUB_0548	2	QUB_63F_0082; QUB_27F_0548
SH_0364	2	ELX886_30138866_30138866; IWS794_59987940_59987940	2	QUB_0088; QUB_0547	2	QUB_63F_0088; QUB_27F_0547
SH_0365	2	ELX877_30138774_30138774; JDP762_61777621_E12	2	QUB_0081; QUB_0637	2	QUB_63F_0081; QUB_27F_0637
SH_0366	2	ELX876_30138767_30138767; JDP762_61777621_F12	2	QUB_0080; QUB_0646	2	QUB_63F_0080; QUB_27F_0646
SH_0367	2	ELX871_30138712_30138712; IWS793_59987933_59987933	1	QUB_0546	1	QUB_27F_0546
SH_0368	2	ELX885_30138859_30138859; IWS798_59987988_59987988	2	QUB_0087; QUB_0551	2	QUB_63F_0087; QUB_27F_0551
SH_0369	6	ELX879_30138798_30138798; IWS797_59987971_59987971; JTQ704_65947044_65947044; JTQ705_65947051_65947051; KCX857_68358571_68358571; KCX858_68358588_68358588	2	QUB_0083; QUB_0550	2	QUB_63F_0083; QUB_27F_0550
SH_0370	1	IWS796_59987964_59987964	1	QUB_0549	1	QUB_27F_0549
SH_0370/371	1	ELX884_30138842_30138842	1	QUB_0086	1	QUB_63F_0086
SH_0371	1	IWS801_59988015_59988015	1	QUB_0554	1	QUB_27F_0554
SH_0372	1	GEC601_41626017_41626017	1	QUB_0135	1	QUB_63F_0135
SH_0373	1	ELX890_30138903_30138903	1	QUB_0089	1	QUB_63F_0089
SH_0374	1	IWS800_59988008_59988008	1	QUB_0553	1	QUB_27F_0553
SH_0375	2	GEC595_41625959_41625959; IWS799_59987995_59987995	1	QUB_0552	1	QUB_27F_0552
SH_0376	2	GEC599_41625997_41625997; IWS804_59988046_59988046	1	QUB_0555	1	QUB_27F_0555
SH_0377	1	IWS803_59988039_59988039	0		0	
SH_0377/378	1	GEC605_41626055_41626055	0		0	
SH_0378	1	IWS802_59988022_59988022	0		0	
SH_0379	2	GEC608_41626086_41626086; IWS807_59988077_59988077	0		0	
SH_0380	1	IWS806_59988060_59988060	1	QUB_0556	1	QUB_27F_0556
SH_0381	2	IWS841_59988411_59988411; JDP762_61777621_G12	1	QUB_0581	1	QUB_27F_0581
SH_0382	5	ELX883_30138835_30138835; IWS840_59988404_59988404; JDP762_61777621_H12; JTQ771_65947716_65947716; JTQ772_65947723_65947723	2	QUB_0085; QUB_0580	2	QUB_63F_0085; QUB_27F_0580
SH_0383	3	GBF579_40875799_40875799; GLE307_43463078_43463078; JDP762_61777621_G11	0		0	
SH_0384	2	GLE308_43463085_43463085; IWS805_59988053_59988053	0		0	
SH_0385	2	IWS808_59988084_59988084; IWS839_59988398_59988398	0		0	
SH_0386	2	GLE330_43463306_43463306; IWS778_59987780_59987780	2	QUB_0167; QUB_0532	2	QUB_63F_0167; QUB_27F_0532
SH_0387	1	JDP762_61777621_A1	0		0	
SH_0388	1	JDP762_61777621_A2	1	QUB_0599	1	QUB_27F_0599
SH_0389	1	JDP762_61777621_A3	1	QUB_0600	1	QUB_27F_0600
SH_0390	5	IWS760_59987605_59987605; JTQ733_65947334_65947334; JTQ734_65947341_65947341; JTQ761_65947617_65947617; JTQ762_65947624_65947624	1	QUB_0516	1	QUB_27F_0516
SH_0391	1	JDP762_61777621_A4	1	QUB_0601	1	QUB_27F_0601
SH_0392	1	IWS761_59987612_59987612	1	QUB_0517	1	QUB_27F_0517
SH_0393	1	JDP762_61777621_A5	1	QUB_0602	1	QUB_27F_0602
SH_0394	1	JDP762_61777621_A6	1	QUB_0603	1	QUB_27F_0603
SH_0395	1	JDP762_61777621_A7	1	QUB_0604	1	QUB_27F_0604
SH_0396	1	JDP762_61777621_A8	1	QUB_0605	1	QUB_27F_0605
SH_0397	1	JDP762_61777621_B1	1	QUB_0607	1	QUB_27F_0607
SH_0398	1	JDP762_61777621_B2	1	QUB_0611	1	QUB_27F_0611
SH_0399	3	JDP762_61777621_B3; JTQ735_65947358_65947358; JTQ736_65947365_65947365	1	QUB_0612	1	QUB_27F_0612
SH_0400	1	JDP762_61777621_B4	1	QUB_0613	1	QUB_27F_0613
SH_0401	1	JDP762_61777621_B5	0		0	
SH_0402	1	JDP762_61777621_B6	1	QUB_0614	1	QUB_27F_0614
SH_0403	1	JDP762_61777621_B7	1	QUB_0615	1	QUB_27F_0615
SH_0404	1	JDP762_61777621_B8	1	QUB_0616	1	QUB_27F_0616
SH_0405	1	JDP762_61777621_C1	0		0	
SH_0406	1	JDP762_61777621_C2	1	QUB_0619	1	QUB_27F_0619
SH_0407	1	JDP762_61777621_C3	1	QUB_0620	1	QUB_27F_0620
SH_0408	3	JDP762_61777621_C4; JTQ696_65946962_65946962; JTQ697_65946979_65946979	1	QUB_0621	1	QUB_27F_0621
SH_0409	1	JDP762_61777621_C5	0		0	
SH_0410	1	IWS771_59987711_59987711	1	QUB_0526	1	QUB_27F_0526
SH_0411	1	JDP762_61777621_C6	1	QUB_0622	1	QUB_27F_0622
SH_0412	1	JDP762_61777621_C7	1	QUB_0623	1	QUB_27F_0623
SH_0413	1	JDP762_61777621_D1	1	QUB_0625	1	QUB_27F_0625
SH_0414	1	JDP762_61777621_D2	1	QUB_0628	1	QUB_27F_0628
SH_0415	1	JDP762_61777621_D3	1	QUB_0629	1	QUB_27F_0629
SH_0416	1	JDP762_61777621_D4	1	QUB_0630	1	QUB_27F_0630
SH_0417	1	JDP762_61777621_D5	1	QUB_0631	1	QUB_27F_0631
SH_0418	1	JDP762_61777621_D6	1	QUB_0632	1	QUB_27F_0632
SH_0419	1	JDP762_61777621_D7	1	QUB_0633	1	QUB_27F_0633
SH_0420	1	JDP762_61777621_E1	1	QUB_0635	1	QUB_27F_0635
SH_0420.1	1	IWS820_59988206_59988206	1	QUB_0561	1	QUB_27F_0561
SH_0420.2	1	IWS821_59988213_59988213	1	QUB_0562	1	QUB_27F_0562
SH_0421	1	JDP762_61777621_E2	1	QUB_0638	1	QUB_27F_0638
SH_0422	1	IWS825_59988251_59988251	1	QUB_0566	1	QUB_27F_0566
SH_0423	1	JDP762_61777621_E3	1	QUB_0639	1	QUB_27F_0639
SH_0424	1	JDP762_61777621_E4	1	QUB_0640	1	QUB_27F_0640
SH_0425	1	JDP762_61777621_E5	1	QUB_0641	1	QUB_27F_0641
SH_0426	1	IWS772_59987728_59987728	1	QUB_0527	1	QUB_27F_0527
SH_0427	2	JDP762_61777621_E6; JTQ775_65947754_65947754	1	QUB_0642	1	QUB_27F_0642
SH_0428	1	JDP762_61777621_E7	1	QUB_0643	1	QUB_27F_0643
SH_0429	1	JDP762_61777621_F1	1	QUB_0644	1	QUB_27F_0644
SH_0430	1	IWS773_59987735_59987735	1	QUB_0528	1	QUB_27F_0528
SH_0431	1	JDP762_61777621_F2	1	QUB_0647	1	QUB_27F_0647
SH_0432	1	JDP762_61777621_F3	1	QUB_0648	1	QUB_27F_0648
SH_0433	1	JDP762_61777621_F4	1	QUB_0649	1	QUB_27F_0649
SH_0434	1	JDP762_61777621_F5	1	QUB_0650	1	QUB_27F_0650
SH_0435	1	JDP762_61777621_F6	1	QUB_0651	1	QUB_27F_0651
SH_0436	5	IWS774_59987742_59987742; JTQ706_65947068_65947068; JTQ707_65947075_65947075; KCX879_68358793_68358793; KCX880_68358809_68358809	1	QUB_0529	1	QUB_27F_0529
SH_0437	1	JDP762_61777621_F7	1	QUB_0652	1	QUB_27F_0652
SH_0438	1	JDP762_61777621_G1	1	QUB_0654	1	QUB_27F_0654
SH_0439	1	JDP762_61777621_G2	1	QUB_0655	1	QUB_27F_0655
SH_0440	1	JDP762_61777621_G3	1	QUB_0656	1	QUB_27F_0656
SH_0441	1	JDP762_61777621_G4	1	QUB_0657	1	QUB_27F_0657
SH_0442	1	IWS775_59987759_59987759	0		0	
SH_0443	1	JDP762_61777621_G5	1	QUB_0658	1	QUB_27F_0658
SH_0444	1	JDP762_61777621_G6	1	QUB_0659	1	QUB_27F_0659
SH_0445	1	IWS776_59987766_59987766	1	QUB_0530	1	QUB_27F_0530
SH_0446	1	JDP762_61777621_G7	1	QUB_0660	1	QUB_27F_0660
SH_0447	1	IWS777_59987773_59987773	1	QUB_0531	1	QUB_27F_0531
SH_0448	1	JDP762_61777621_H1	1	QUB_0662	1	QUB_27F_0662
SH_0449	1	JDP762_61777621_H2	0		0	
SH_0450	1	JDP762_61777621_H3	1	QUB_0664	1	QUB_27F_0664
SH_0451	1	JDP762_61777621_H4	1	QUB_0665	1	QUB_27F_0665
SH_0452	1	JDP762_61777621_H5	1	QUB_0666	1	QUB_27F_0666
SH_0452.1	1	IWS822_59988220_59988220	1	QUB_0563	1	QUB_27F_0563
SH_0452.2	1	IWS823_59988237_59988237	1	QUB_0564	1	QUB_27F_0564
SH_0452.3	1	IWS824_59988244_59988244	1	QUB_0565	1	QUB_27F_0565
SH_0453	1	JDP762_61777621_H6	1	QUB_0667	1	QUB_27F_0667
SH_0454	1	JDP762_61777621_H7	1	QUB_0668	1	QUB_27F_0668
SH_0455	1	IVY966_59789667_A1	1	QUB_0424	1	QUB_27F_0424
SH_0456	1	IVY966_59789667_A2	1	QUB_0428	1	QUB_27F_0428
SH_0457	1	IVY966_59789667_A3	1	QUB_0429	1	QUB_27F_0429
SH_0458	1	IVY966_59789667_A4	1	QUB_0430	1	QUB_27F_0430
SH_0459	1	IVY966_59789667_A5	1	QUB_0431	1	QUB_27F_0431
SH_0460	1	IVY966_59789667_A6	1	QUB_0432	1	QUB_27F_0432
SH_0461	1	IVY966_59789667_A7	1	QUB_0433	1	QUB_27F_0433
SH_0462	1	IVY966_59789667_A8	1	QUB_0434	1	QUB_27F_0434
SH_0463	1	IVY966_59789667_A9	1	QUB_0435	1	QUB_27F_0435
SH_0464	1	IVY966_59789667_A10	1	QUB_0425	1	QUB_27F_0425
SH_0465	0		0		0	
SH_0466	1	IVY966_59789667_A11	1	QUB_0426	1	QUB_27F_0426
SH_0467	0		0		0	
SH_0468	1	IVY966_59789667_A12	1	QUB_0427	1	QUB_27F_0427
SH_0469	1	IVY966_59789667_B1	1	QUB_0436	1	QUB_27F_0436
SH_0470	1	IVY966_59789667_B2	1	QUB_0440	1	QUB_27F_0440
SH_0471	1	IVY966_59789667_B3	1	QUB_0441	1	QUB_27F_0441
SH_0472	0		0		0	
SH_0473	1	IVY966_59789667_B4	1	QUB_0442	1	QUB_27F_0442
SH_0474	1	IVY966_59789667_B5	1	QUB_0443	1	QUB_27F_0443
SH_0475	1	IVY966_59789667_B6	1	QUB_0444	1	QUB_27F_0444
SH_0476	1	IVY966_59789667_B7	1	QUB_0445	1	QUB_27F_0445
SH_0477	1	IVY966_59789667_B8	1	QUB_0446	1	QUB_27F_0446
SH_0478	1	IVY966_59789667_B9	1	QUB_0447	1	QUB_27F_0447
SH_0479	1	IVY966_59789667_B10	1	QUB_0437	1	QUB_27F_0437
SH_0480	1	IVY966_59789667_B11	1	QUB_0438	1	QUB_27F_0438
SH_0481	1	IVY966_59789667_B12	1	QUB_0439	1	QUB_27F_0439
SH_0482	1	IVY966_59789667_C1	1	QUB_0448	1	QUB_27F_0448
SH_0483	1	IVY966_59789667_C2	1	QUB_0449	1	QUB_27F_0449
SH_0484	1	IVY966_59789667_C3	1	QUB_0450	1	QUB_27F_0450
SH_0485	1	IVY966_59789667_C4	1	QUB_0451	1	QUB_27F_0451
SH_0486	1	IVY966_59789667_C5	1	QUB_0452	1	QUB_27F_0452
SH_0487	1	IVY966_59789667_C6	1	QUB_0453	1	QUB_27F_0453
SH_0488	1	IVY966_59789667_C7	1	QUB_0454	1	QUB_27F_0454
SH_0489	1	IVY966_59789667_C8	1	QUB_0455	1	QUB_27F_0455
SH_0490	1	IVY966_59789667_C9	0		0	
SH_0491	1	IVY966_59789667_C10	0		0	
SH_0492	1	IVY966_59789667_C11	0		0	
SH_0493	1	IVY966_59789667_C12	0		0	
SH_0494	3	IVY966_59789667_D1; JTQ776_65947761_65947761; KCX851_68358519_68358519	1	QUB_0456	1	QUB_27F_0456
SH_0495	1	IVY966_59789667_D2	0		0	
SH_0496	1	IVY966_59789667_D3	1	QUB_0460	1	QUB_27F_0460
SH_0497	1	IVY966_59789667_D4	0		0	
SH_0498	1	IVY966_59789667_D5	0		0	
SH_0499	1	IVY966_59789667_D6	1	QUB_0461	1	QUB_27F_0461
SH_0500	1	IVY966_59789667_D7	1	QUB_0462	1	QUB_27F_0462
SH_0501	1	IVY966_59789667_D8	1	QUB_0463	1	QUB_27F_0463
SH_0502	1	IVY966_59789667_D9	1	QUB_0464	1	QUB_27F_0464
SH_0503	1	IVY966_59789667_D10	1	QUB_0457	1	QUB_27F_0457
SH_0504	1	IVY966_59789667_D11	1	QUB_0458	1	QUB_27F_0458
SH_0505	1	IVY966_59789667_D12	1	QUB_0459	1	QUB_27F_0459
SH_0506	1	IVY966_59789667_E1	1	QUB_0465	1	QUB_27F_0465
SH_0507	0		0		0	
SH_0508	0		0		0	
SH_0509	1	IVY966_59789667_E2	1	QUB_0468	1	QUB_27F_0468
SH_0510	5	IVY966_59789667_E3; JTQ708_65947082_65947082; JTQ709_65947099_65947099; KCX877_68358779_68358779; KCX878_68358786_68358786	1	QUB_0469	1	QUB_27F_0469
SH_0511	1	IVY966_59789667_E4	1	QUB_0470	1	QUB_27F_0470
SH_0512	1	IVY966_59789667_E5	0		0	
SH_0513	0		0		0	
SH_0514	1	IVY966_59789667_E6	1	QUB_0471	1	QUB_27F_0471
SH_0515	1	IVY966_59789667_E7	0		0	
SH_0516	1	IVY966_59789667_E8	1	QUB_0472	1	QUB_27F_0472
SH_0517	1	IVY966_59789667_E9	1	QUB_0473	1	QUB_27F_0473
SH_0518	3	IVY966_59789667_E10; JTQ710_65947105_65947105; JTQ711_65947112_65947112	1	QUB_0466	1	QUB_27F_0466
SH_0519	1	IVY966_59789667_E11	0		0	
SH_0520	5	IVY966_59789667_E12; JTQ737_65947372_65947372; JTQ738_65947389_65947389; KCX867_68358670_68358670; KCX868_68358687_68358687	1	QUB_0467	1	QUB_27F_0467
SH_0521	1	IVY966_59789667_F1	1	QUB_0474	1	QUB_27F_0474
SH_0522	0		0		0	
SH_0523	1	IVY966_59789667_F2	1	QUB_0477	1	QUB_27F_0477
SH_0524	1	IVY966_59789667_F3	1	QUB_0478	1	QUB_27F_0478
SH_0525	2	IPO339_58123394_E5; IVY966_59789667_F4	0		0	
SH_0526	0		0		0	
SH_0527	1	IVY966_59789667_F5	1	QUB_0479	1	QUB_27F_0479
SH_0528	1	IVY966_59789667_F6	1	QUB_0480	1	QUB_27F_0480
SH_0529	1	IVY966_59789667_F7	1	QUB_0481	1	QUB_27F_0481
SH_0530	1	IVY966_59789667_F8	1	QUB_0482	1	QUB_27F_0482
SH_0531	1	IVY966_59789667_F9	1	QUB_0483	1	QUB_27F_0483
SH_0532	1	IVY966_59789667_F10	1	QUB_0475	1	QUB_27F_0475
SH_0533	1	IVY966_59789667_F11	1	QUB_0476	1	QUB_27F_0476
SH_0534	2	IPO339_58123394_B7; IVY966_59789667_F12	1	QUB_0197	1	QUB_27F_0197
SH_0535	1	IVY966_59789667_G1	1	QUB_0484	1	QUB_27F_0484
SH_0536	1	IVY966_59789667_G2	1	QUB_0485	1	QUB_27F_0485
SH_0537	1	IVY966_59789667_G3	1	QUB_0486	1	QUB_27F_0486
SH_0538	1	IVY966_59789667_G4	1	QUB_0487	1	QUB_27F_0487
SH_0539	1	IVY966_59789667_G5	0		0	
SH_0540	1	IVY966_59789667_G6	0		0	
SH_0541	1	IVY966_59789667_G7	0		0	
SH_0542	3	IVY966_59789667_H10; JTQ769_65947693_65947693; JTQ770_65947709_65947709	1	QUB_0490	1	QUB_27F_0490
SH_0543	5	IVY966_59789667_G8; JTQ720_65947204_65947204; JTQ721_65947211_65947211; KCX875_68358755_68358755; KCX876_68358762_68358762	1	QUB_0488	1	QUB_27F_0488
SH_0544	1	IVY966_59789667_G10	0		0	
SH_0545	1	IVY966_59789667_G9	0		0	
SH_0546	1	IVY966_59789667_G11	0		0	
SH_0547	2	IPO339_58123394_F5; IVY966_59789667_G12	0		0	
SH_0548	1	IVY966_59789667_H11	1	QUB_0491	1	QUB_27F_0491
SH_0549	1	IVY966_59789667_H1	1	QUB_0489	1	QUB_27F_0489
SH_0550	1	IVY966_59789667_H2	1	QUB_0492	1	QUB_27F_0492
SH_0551	1	IVY966_59789667_H3	1	QUB_0493	1	QUB_27F_0493
SH_0552	1	IVY966_59789667_H4	1	QUB_0494	1	QUB_27F_0494
SH_0553	1	IVY966_59789667_H5	1	QUB_0495	1	QUB_27F_0495
SH_0554	1	IVY966_59789667_H6	1	QUB_0496	1	QUB_27F_0496
SH_0555	2	IPO339_58123394_C7; IVY966_59789667_H7	1	QUB_0205	1	QUB_27F_0205
SH_0556	2	IPO339_58123394_G5; IVY966_59789667_H8	0		0	
SH_0557	1	IVY966_59789667_H9	1	QUB_0497	1	QUB_27F_0497
SH_0558	1	IPO339_58123394_C1	1	QUB_0200	1	QUB_27F_0200
SH_0559	3	IPO339_58123394_D1; JTQ767_65947679_65947679; JTQ768_65947686_65947686	1	QUB_0208	1	QUB_27F_0208
SH_0560	0		0		0	
SH_0561	1	IPO341_58123417_A1	1	QUB_0341	1	QUB_27F_0341
SH_0562	2	IPO339_58123394_H5; IPO341_58123417_B1	1	QUB_0245	1	QUB_27F_0245
SH_0563	2	IPO339_58123394_D7; IPO341_58123417_C1	1	QUB_0212	1	QUB_27F_0212
SH_0564	2	IPO339_58123394_A6; IPO341_58123417_D1	1	QUB_0189	1	QUB_27F_0189
SH_0565	2	IPO339_58123394_B6; IPO341_58123417_E1	0		0	
SH_0566	1	IPO341_58123417_F1	1	QUB_0393	1	QUB_27F_0393
SH_0567	1	IPO341_58123417_G1	1	QUB_0404	1	QUB_27F_0404
SH_0568	1	IPO341_58123417_H1	1	QUB_0414	1	QUB_27F_0414
SH_0569	1	IPO341_58123417_A2	1	QUB_0345	1	QUB_27F_0345
SH_0570	1	IPO341_58123417_B2	1	QUB_0354	1	QUB_27F_0354
SH_0571	1	IPO341_58123417_C2	1	QUB_0363	1	QUB_27F_0363
SH_0572	1	IPO341_58123417_D2	1	QUB_0374	1	QUB_27F_0374
SH_0573	1	IPO341_58123417_E2	1	QUB_0385	1	QUB_27F_0385
SH_0574	1	IPO341_58123417_F2	1	QUB_0397	1	QUB_27F_0397
SH_0575	3	IPO341_58123417_G2; JTQ739_65947396_65947396; JTQ740_65947402_65947402	1	QUB_0407	1	QUB_27F_0407
SH_0576	1	IPO339_58123394_A9	1	QUB_0191	1	QUB_27F_0191
SH_0577	1	IPO341_58123417_H2	1	QUB_0417	1	QUB_27F_0417
SH_0578	1	IPO341_58123417_A3	1	QUB_0346	1	QUB_27F_0346
SH_0579	1	IPO341_58123417_B3	1	QUB_0355	1	QUB_27F_0355
SH_0580	1	IPO341_58123417_C3	1	QUB_0364	1	QUB_27F_0364
SH_0581	1	IPO341_58123417_D3	1	QUB_0375	1	QUB_27F_0375
SH_0582	5	IPO341_58123417_E3; JTQ741_65947419_65947419; JTQ742_65947426_65947426; KCX873_68358731_68358731; KCX874_68358748_68358748	1	QUB_0386	1	QUB_27F_0386
SH_0583	1	IPO341_58123417_F3	1	QUB_0398	1	QUB_27F_0398
SH_0584	1	IPO341_58123417_G3	1	QUB_0408	1	QUB_27F_0408
SH_0585	1	IPO341_58123417_H3	1	QUB_0418	1	QUB_27F_0418
SH_0586	2	IPO339_58123394_C6; IPO341_58123417_A4	0		0	
SH_0587	1	IPO341_58123417_B4	1	QUB_0356	1	QUB_27F_0356
SH_0588	1	IPO341_58123417_C4	1	QUB_0365	1	QUB_27F_0365
SH_0589	1	IPO341_58123417_D4	1	QUB_0376	1	QUB_27F_0376
SH_0590	1	IPO341_58123417_E4	1	QUB_0387	1	QUB_27F_0387
SH_0591	1	IVY999_59789995_59789995	1	QUB_0502	1	QUB_27F_0502
SH_0592	1	IVY994_59789940_59789940	1	QUB_0499	1	QUB_27F_0499
SH_0593	1	IPO341_58123417_F4	1	QUB_0399	1	QUB_27F_0399
SH_0594	1	IPO341_58123417_G4	1	QUB_0409	1	QUB_27F_0409
SH_0595	3	IPO341_58123417_H4; JTQ680_65946801_65946801; JTQ681_65946818_65946818	1	QUB_0419	1	QUB_27F_0419
SH_0596	1	IPO341_58123417_A5	1	QUB_0347	1	QUB_27F_0347
SH_0597	0		0		0	
SH_0598	1	IPO341_58123417_B5	1	QUB_0357	1	QUB_27F_0357
SH_0599	1	IPO341_58123417_C5	1	QUB_0366	1	QUB_27F_0366
SH_0600	1	IPO341_58123417_D5	1	QUB_0377	1	QUB_27F_0377
SH_0601	1	IPO341_58123417_E5	1	QUB_0388	1	QUB_27F_0388
SH_0602	1	IPO341_58123417_F5	0		0	
SH_0603	1	IPO341_58123417_G5	1	QUB_0410	1	QUB_27F_0410
SH_0604	1	IPO341_58123417_H5	1	QUB_0420	1	QUB_27F_0420
SH_0605	3	IPO341_58123417_A6; JTQ700_65947006_65947006; JTQ701_65947013_65947013	1	QUB_0348	1	QUB_27F_0348
SH_0606	1	IPO341_58123417_B6	1	QUB_0358	1	QUB_27F_0358
SH_0607	1	IPO341_58123417_C6	1	QUB_0367	1	QUB_27F_0367
SH_0608	1	IPO341_58123417_D6	1	QUB_0378	1	QUB_27F_0378
SH_0609	0		0		0	
SH_0610	1	IPO341_58123417_E6	1	QUB_0389	1	QUB_27F_0389
SH_0611	1	IPO341_58123417_F6	1	QUB_0400	1	QUB_27F_0400
SH_0612	1	IPO341_58123417_G6	1	QUB_0411	1	QUB_27F_0411
SH_0613	1	IPO341_58123417_F11	1	QUB_0395	1	QUB_27F_0395
SH_0614	0		0		0	
SH_0615	2	IPO339_58123394_D6; IPO341_58123417_G11	0		0	
SH_0616	1	IPO341_58123417_H6	1	QUB_0421	1	QUB_27F_0421
SH_0617	1	IPO341_58123417_A7	1	QUB_0349	1	QUB_27F_0349
SH_0618	1	IPO341_58123417_B7	1	QUB_0359	1	QUB_27F_0359
SH_0619	1	IPO341_58123417_C7	1	QUB_0368	1	QUB_27F_0368
SH_0620	1	IPO341_58123417_D7	1	QUB_0379	1	QUB_27F_0379
SH_0621	1	IPO339_58123394_B9	1	QUB_0199	1	QUB_27F_0199
SH_0622	1	IPO341_58123417_E7	1	QUB_0390	1	QUB_27F_0390
SH_0623	1	IPO341_58123417_F7	1	QUB_0401	1	QUB_27F_0401
SH_0624	3	IPO341_58123417_G7; KCX865_68358656_68358656; KCX866_68358663_68358663	1	QUB_0412	1	QUB_27F_0412
SH_0625	1	IPO341_58123417_H7	1	QUB_0422	1	QUB_27F_0422
SH_0626	1	IPO341_58123417_A8	1	QUB_0350	1	QUB_27F_0350
SH_0627	1	IPO341_58123417_B8	1	QUB_0360	1	QUB_27F_0360
SH_0628	1	IPO341_58123417_C8	1	QUB_0369	1	QUB_27F_0369
SH_0629	1	IPO341_58123417_D8	1	QUB_0380	1	QUB_27F_0380
SH_0630	1	IPO341_58123417_E8	1	QUB_0391	1	QUB_27F_0391
SH_0631	1	IPO341_58123417_F8	1	QUB_0402	1	QUB_27F_0402
SH_0632	0		0		0	
SH_0633	0		0		0	
SH_0634	1	IPO341_58123417_G8	0		0	
SH_0635	1	IPO341_58123417_H8	0		0	
SH_0636	1	IPO341_58123417_A9	0		0	
SH_0637	1	IPO341_58123417_B9	0		0	
SH_0638	3	IPO339_58123394_C9; JTQ678_65946788_65946788; JTQ679_65946795_65946795	1	QUB_0207	1	QUB_27F_0207
SH_0639	1	IPO341_58123417_C9	1	QUB_0370	1	QUB_27F_0370
SH_0640	1	IPO341_58123417_D9	1	QUB_0381	1	QUB_27F_0381
SH_0641	1	IPO341_58123417_E9	1	QUB_0392	1	QUB_27F_0392
SH_0642	1	IPO341_58123417_F9	1	QUB_0403	1	QUB_27F_0403
SH_0643	1	IPO341_58123417_G9	1	QUB_0413	1	QUB_27F_0413
SH_0644	1	IPO341_58123417_H9	1	QUB_0423	1	QUB_27F_0423
SH_0645	1	IPO341_58123417_A10	1	QUB_0342	1	QUB_27F_0342
SH_0646	1	IPO341_58123417_B10	1	QUB_0351	1	QUB_27F_0351
SH_0647	1	IPO341_58123417_C10	1	QUB_0361	1	QUB_27F_0361
SH_0648	1	IPO341_58123417_D10	1	QUB_0371	1	QUB_27F_0371
SH_0649	1	IPO341_58123417_E10	1	QUB_0382	1	QUB_27F_0382
SH_0650	1	IPO341_58123417_F10	1	QUB_0394	1	QUB_27F_0394
SH_0651	1	IPO341_58123417_G10	1	QUB_0405	1	QUB_27F_0405
SH_0652	1	IPO341_58123417_H10	1	QUB_0415	1	QUB_27F_0415
SH_0653	1	IPO341_58123417_A11	1	QUB_0343	1	QUB_27F_0343
SH_0654	1	IPO341_58123417_B11	1	QUB_0352	1	QUB_27F_0352
SH_0655	1	IPO341_58123417_C11	1	QUB_0362	1	QUB_27F_0362
SH_0656	1	IPO341_58123417_H11	0		0	
SH_0657	0		0		0	
SH_0658	0		0		0	
SH_0659	0		0		0	
SH_0660	0		0		0	
SH_0661	0		0		0	
SH_0662	0		0		0	
SH_0663	0		0		0	
SH_0664	1	IPO341_58123417_D11	1	QUB_0372	1	QUB_27F_0372
SH_0665	1	IPO341_58123417_E11	1	QUB_0383	1	QUB_27F_0383
SH_0666	1	IPO341_58123417_A12	1	QUB_0344	1	QUB_27F_0344
SH_0667	1	IPO341_58123417_B12	1	QUB_0353	1	QUB_27F_0353
SH_0668	2	IPO339_58123394_E6; IPO341_58123417_C12	1	QUB_0219	1	QUB_27F_0219
SH_0669	1	IPO341_58123417_D12	1	QUB_0373	1	QUB_27F_0373
SH_0670	3	IPO341_58123417_E12; JTQ712_65947129_65947129; JTQ713_65947136_65947136	1	QUB_0384	1	QUB_27F_0384
SH_0671	1	IPO341_58123417_F12	1	QUB_0396	1	QUB_27F_0396
SH_0672	5	IPO341_58123417_G12; JTQ743_65947433_65947433; JTQ744_65947440_65947440; KCX869_68358694_68358694; KCX870_68358700_68358700	1	QUB_0406	1	QUB_27F_0406
SH_0673	1	IPO341_58123417_H12	1	QUB_0416	1	QUB_27F_0416
SH_0674	1	IPO340_58123400_A1	1	QUB_0249	1	QUB_27F_0249
SH_0675	1	IPO340_58123400_B1	1	QUB_0259	1	QUB_27F_0259
SH_0676	5	IPO340_58123400_C1; JTQ684_65946849_65946849; JTQ685_65946856_65946856; KCX845_68358458_68358458; KCX846_68358465_68358465	1	QUB_0271	1	QUB_27F_0271
SH_0677	1	IPO340_58123400_D1	1	QUB_0283	1	QUB_27F_0283
SH_0678	3	IPO340_58123400_E1; JTQ745_65947457_65947457; JTQ746_65947464_65947464	1	QUB_0295	1	QUB_27F_0295
SH_0679	1	IPO340_58123400_F1	1	QUB_0306	1	QUB_27F_0306
SH_0680	1	IPO340_58123400_G1	1	QUB_0318	1	QUB_27F_0318
SH_0681	0		0		0	
SH_0682	1	IPO340_58123400_H1	1	QUB_0330	1	QUB_27F_0330
SH_0683	1	IPO340_58123400_A2	1	QUB_0252	1	QUB_27F_0252
SH_0684	1	IPO340_58123400_B2	1	QUB_0263	1	QUB_27F_0263
SH_0685	3	IPO340_58123400_C2; JTQ716_65947167_65947167; JTQ717_65947174_65947174	1	QUB_0275	1	QUB_27F_0275
SH_0686	1	IPO340_58123400_D2	1	QUB_0287	1	QUB_27F_0287
SH_0687	1	IPO340_58123400_E2	1	QUB_0299	1	QUB_27F_0299
SH_0688	1	IPO340_58123400_F2	1	QUB_0310	1	QUB_27F_0310
SH_0689	0		0		0	
SH_0690	1	IPO340_58123400_G2	1	QUB_0322	1	QUB_27F_0322
SH_0691	1	IPO340_58123400_H2	1	QUB_0334	1	QUB_27F_0334
SH_0692	2	IPO340_58123400_A3; IPO340_58123400_B3	2	QUB_0253; QUB_0264	2	QUB_27F_0253; QUB_27F_0264
SH_0693	0		0		0	
SH_0694	1	IVY997_59789971_59789971	1	QUB_0500	1	QUB_27F_0500
SH_0695	5	IVY998_59789988_59789988; JTQ718_65947181_65947181; JTQ719_65947198_65947198; KCX847_68358472_68358472; KCX848_68358489_68358489	1	QUB_0501	1	QUB_27F_0501
SH_0696	1	IPO340_58123400_C3	1	QUB_0276	1	QUB_27F_0276
SH_0697	1	IPO340_58123400_D3	1	QUB_0288	1	QUB_27F_0288
SH_0698	1	IPO340_58123400_E3	1	QUB_0300	1	QUB_27F_0300
SH_0699	1	IVZ000_59790007_59790007	1	QUB_0503	1	QUB_27F_0503
SH_0700	1	IPO340_58123400_F3	1	QUB_0311	1	QUB_27F_0311
SH_0701	1	IPO340_58123400_G3	1	QUB_0323	1	QUB_27F_0323
SH_0702	3	IPO340_58123400_H3; JTQ755_65947556_65947556; JTQ756_65947563_65947563	1	QUB_0335	1	QUB_27F_0335
SH_0703	1	IPO340_58123400_A4	1	QUB_0254	1	QUB_27F_0254
SH_0704	1	IPO340_58123400_B4	1	QUB_0265	1	QUB_27F_0265
SH_0705	1	IPO340_58123400_C4	1	QUB_0277	1	QUB_27F_0277
SH_0706	1	IPO340_58123400_D4	1	QUB_0289	1	QUB_27F_0289
SH_0707	3	IPO340_58123400_E4; JTQ694_65946948_65946948; JTQ695_65946955_65946955	1	QUB_0301	1	QUB_27F_0301
SH_0708	1	IVZ001_59790014_59790014	1	QUB_0504	1	QUB_27F_0504
SH_0709	1	IVZ002_59790021_59790021	1	QUB_0505	1	QUB_27F_0505
SH_0710	0		0		0	
SH_0711	0		0		0	
SH_0712	0		0		0	
SH_0713	1	IPO340_58123400_F4	1	QUB_0312	1	QUB_27F_0312
SH_0714	0		0		0	
SH_0715	0		0		0	
SH_0716	0		0		0	
SH_0717	5	IVZ003_59790038_59790038; JTQ702_65947020_65947020; JTQ703_65947037_65947037; KCX853_68358533_68358533; KCX854_68358540_68358540	1	QUB_0506	1	QUB_27F_0506
SH_0718	1	IPO340_58123400_G4	1	QUB_0324	1	QUB_27F_0324
SH_0719	3	IPO340_58123400_H4; JTQ714_65947143_65947143; JTQ715_65947150_65947150	1	QUB_0336	1	QUB_27F_0336
SH_0720	1	IPO340_58123400_A5	1	QUB_0255	1	QUB_27F_0255
SH_0721	0		0		0	
SH_0722	1	IVZ004_59790045_59790045	1	QUB_0507	1	QUB_27F_0507
SH_0723	1	IPO340_58123400_B5	1	QUB_0266	1	QUB_27F_0266
SH_0724	0		0		0	
SH_0725	0		0		0	
SH_0726	3	IVZ005_59790052_59790052; JTQ698_65946986_65946986; JTQ699_65946993_65946993	1	QUB_0508	1	QUB_27F_0508
SH_0727	1	IVZ006_59790069_59790069	1	QUB_0509	1	QUB_27F_0509
SH_0728	3	IVZ007_59790076_59790076; JTQ747_65947471_65947471; JTQ748_65947488_65947488	1	QUB_0510	1	QUB_27F_0510
SH_0729	0		0		0	
SH_0730	1	IVZ008_59790083_59790083	1	QUB_0511	1	QUB_27F_0511
SH_0731	1	IVZ009_59790090_59790090	1	QUB_0512	1	QUB_27F_0512
SH_0732	0		0		0	
SH_0733	1	IPO340_58123400_C5	1	QUB_0278	1	QUB_27F_0278
SH_0734	0		0		0	
SH_0735	1	IPO340_58123400_D5	1	QUB_0290	1	QUB_27F_0290
SH_0736	1	IPO340_58123400_E5	1	QUB_0302	1	QUB_27F_0302
SH_0737	1	IPO340_58123400_F5	1	QUB_0313	1	QUB_27F_0313
SH_0738	1	IPO340_58123400_G5	1	QUB_0325	1	QUB_27F_0325
SH_0739	2	IPO339_58123394_A7; IPO340_58123400_H5	0		0	
SH_0740	1	IPO340_58123400_A6	1	QUB_0256	1	QUB_27F_0256
SH_0741	1	IPO340_58123400_B6	1	QUB_0267	1	QUB_27F_0267
SH_0742	1	IPO340_58123400_C6	1	QUB_0279	1	QUB_27F_0279
SH_0743	1	IPO340_58123400_D6	1	QUB_0291	1	QUB_27F_0291
SH_0744	2	IPO339_58123394_H6; IPO340_58123400_E6	0		0	
SH_0745	1	IPO340_58123400_F6	1	QUB_0314	1	QUB_27F_0314
SH_0746	1	IPO340_58123400_G6	1	QUB_0326	1	QUB_27F_0326
SH_0747	1	IPO340_58123400_H6	1	QUB_0337	1	QUB_27F_0337
SH_0748	1	IPO340_58123400_A7	1	QUB_0257	1	QUB_27F_0257
SH_0749	0		0		0	
SH_0750	1	IPO340_58123400_B7	1	QUB_0268	1	QUB_27F_0268
SH_0751	3	IPO340_58123400_C7; JTQ682_65946825_65946825; JTQ683_65946832_65946832	1	QUB_0280	1	QUB_27F_0280
SH_0752	1	IPO340_58123400_D7	1	QUB_0292	1	QUB_27F_0292
SH_0753	1	IPO340_58123400_E7	1	QUB_0303	1	QUB_27F_0303
SH_0754	1	IVZ010_59790106_59790106	1	QUB_0513	1	QUB_27F_0513
SH_0755	1	IPO340_58123400_F7	1	QUB_0315	1	QUB_27F_0315
SH_0756	1	IPO340_58123400_G7	1	QUB_0327	1	QUB_27F_0327
SH_0757	1	IVZ011_59790113_59790113	1	QUB_0514	1	QUB_27F_0514
SH_0758	1	IPO340_58123400_H7	1	QUB_0338	1	QUB_27F_0338
SH_0759	1	IVZ012_59790120_59790120	1	QUB_0515	1	QUB_27F_0515
SH_0760	3	IPO340_58123400_A8; KCX859_68358595_68358595; KCX860_68358601_68358601	1	QUB_0258	1	QUB_27F_0258
SH_0761	2	IPO339_58123394_E8; IPO339_58123394_G1	2	QUB_0221; QUB_0232	2	QUB_27F_0221; QUB_27F_0232
SH_0762	1	IPO339_58123394_H1	1	QUB_0240	1	QUB_27F_0240
SH_0763	1	IPO339_58123394_A2	1	QUB_0185	1	QUB_27F_0185
SH_0764	1	IPO339_58123394_B2	1	QUB_0194	1	QUB_27F_0194
SH_0765	1	IPO339_58123394_C2	1	QUB_0201	1	QUB_27F_0201
SH_0766	0		0		0	
SH_0767	3	IPO339_58123394_D2; JTQ688_65946887_65946887; JTQ689_65946894_65946894	1	QUB_0209	1	QUB_27F_0209
SH_0768	1	IPO339_58123394_E2	1	QUB_0216	1	QUB_27F_0216
SH_0769	1	IPO339_58123394_F2	1	QUB_0225	1	QUB_27F_0225
SH_0770	1	IPO339_58123394_G2	1	QUB_0234	1	QUB_27F_0234
SH_0771	1	IPO339_58123394_H2	1	QUB_0242	1	QUB_27F_0242
SH_0772	1	IPO339_58123394_A3	1	QUB_0186	1	QUB_27F_0186
SH_0773	2	IPO339_58123394_B3; IPO339_58123394_F8	2	QUB_0195; QUB_0230	2	QUB_27F_0195; QUB_27F_0230
SH_0774	1	IPO339_58123394_C3	1	QUB_0202	1	QUB_27F_0202
SH_0775	1	IPO339_58123394_D3	1	QUB_0210	1	QUB_27F_0210
SH_0776	1	IPO340_58123400_B8	1	QUB_0269	1	QUB_27F_0269
SH_0777	1	IPO339_58123394_E3	1	QUB_0217	1	QUB_27F_0217
SH_0778	1	IPO340_58123400_C8	1	QUB_0281	1	QUB_27F_0281
SH_0779	1	IPO340_58123400_D8	1	QUB_0293	1	QUB_27F_0293
SH_0780	1	IPO340_58123400_E8	1	QUB_0304	1	QUB_27F_0304
SH_0781	1	IPO340_58123400_F8	1	QUB_0316	1	QUB_27F_0316
SH_0782	3	IPO340_58123400_G8; KCX843_68358434_68358434; KCX844_68358441_68358441	1	QUB_0328	1	QUB_27F_0328
SH_0783	0		0		0	
SH_0784	1	IPO340_58123400_H8	1	QUB_0339	1	QUB_27F_0339
SH_0785	2	IPO339_58123394_G6; IPO340_58123400_A9	1	QUB_0237	1	QUB_27F_0237
SH_0786	1	IPO340_58123400_B9	1	QUB_0270	1	QUB_27F_0270
SH_0787	1	IPO340_58123400_C9	1	QUB_0282	1	QUB_27F_0282
SH_0788	1	IPO340_58123400_D9	1	QUB_0294	1	QUB_27F_0294
SH_0789	0		0		0	
SH_0790	1	IPO340_58123400_E9	1	QUB_0305	1	QUB_27F_0305
SH_0791	0		0		0	
SH_0792	1	IPO340_58123400_F9	1	QUB_0317	1	QUB_27F_0317
SH_0793	0		0		0	
SH_0794	1	IPO340_58123400_G9	1	QUB_0329	1	QUB_27F_0329
SH_0795	1	IPO340_58123400_H9	1	QUB_0340	1	QUB_27F_0340
SH_0796	0		0		0	
SH_0797	2	IPO339_58123394_F6; IPO340_58123400_A10	1	QUB_0228	1	QUB_27F_0228
SH_0798	1	IPO340_58123400_B10	1	QUB_0260	1	QUB_27F_0260
SH_0799	1	IPO340_58123400_C10	1	QUB_0272	1	QUB_27F_0272
SH_0800	1	IPO340_58123400_D10	1	QUB_0284	1	QUB_27F_0284
SH_0801	1	IPO340_58123400_E10	1	QUB_0296	1	QUB_27F_0296
SH_0802	1	IPO340_58123400_F10	1	QUB_0307	1	QUB_27F_0307
SH_0803	1	IPO340_58123400_G10	1	QUB_0319	1	QUB_27F_0319
SH_0804	1	IPO340_58123400_H10	1	QUB_0331	1	QUB_27F_0331
SH_0805	1	IPO340_58123400_A11	1	QUB_0250	1	QUB_27F_0250
SH_0806	1	IPO340_58123400_B11	1	QUB_0261	1	QUB_27F_0261
SH_0807	1	IPO340_58123400_C11	1	QUB_0273	1	QUB_27F_0273
SH_0808	0		0		0	
SH_0809	1	IPO340_58123400_D11	1	QUB_0285	1	QUB_27F_0285
SH_0810	1	IPO340_58123400_E11	1	QUB_0297	1	QUB_27F_0297
SH_0811	1	IPO340_58123400_F11	1	QUB_0308	1	QUB_27F_0308
SH_0812	1	IPO340_58123400_G11	1	QUB_0320	1	QUB_27F_0320
SH_0813	1	IPO340_58123400_H11	1	QUB_0332	1	QUB_27F_0332
SH_0814	0		0		0	
SH_0815	1	IPO340_58123400_A12	1	QUB_0251	1	QUB_27F_0251
SH_0816	0		0		0	
SH_0817	5	IPO340_58123400_B12; JTQ686_65946863_65946863; JTQ687_65946870_65946870; KCX871_68358717_68358717; KCX872_68358724_68358724	1	QUB_0262	1	QUB_27F_0262
SH_0818	1	IPO340_58123400_C12	1	QUB_0274	1	QUB_27F_0274
SH_0819	1	IPO340_58123400_D12	1	QUB_0286	1	QUB_27F_0286
SH_0820	1	IWS762_59987629_59987629	1	QUB_0518	1	QUB_27F_0518
SH_0821	1	IPO340_58123400_E12	1	QUB_0298	1	QUB_27F_0298
SH_0822	1	IPO340_58123400_F12	1	QUB_0309	1	QUB_27F_0309
SH_0823	0		0		0	
SH_0824	3	IPO340_58123400_G12; KCX841_68358410_68358410; KCX842_68358427_68358427	1	QUB_0321	1	QUB_27F_0321
SH_0825	3	IPO340_58123400_H12; KCX863_68358632_68358632; KCX864_68358649_68358649	1	QUB_0333	1	QUB_27F_0333
SH_0826	1	IPO339_58123394_A1	1	QUB_0184	1	QUB_27F_0184
SH_0827	1	IPO339_58123394_B1	1	QUB_0192	1	QUB_27F_0192
SH_0828	0		0		0	
SH_0829	1	IPO339_58123394_E9	1	QUB_0222	1	QUB_27F_0222
SH_0830	0		0		0	
SH_0831	1	IPO339_58123394_E1	1	QUB_0215	1	QUB_27F_0215
SH_0832	0		0		0	
SH_0833	0		0		0	
SH_0834	0		0		0	
SH_0835	1	IPO339_58123394_F1	1	QUB_0223	1	QUB_27F_0223
SH_0836	1	IPO339_58123394_F9	1	QUB_0231	1	QUB_27F_0231
SH_0837	0		0		0	
SH_0838	1	IPO339_58123394_G9	1	QUB_0239	1	QUB_27F_0239
SH_0839	0		0		0	
SH_0840	0		0		0	
SH_0841	0		0		0	
SH_0842	0		0		0	
SH_0843	0		0		0	
SH_0844	0		0		0	
SH_0845	1	IPO339_58123394_F3	1	QUB_0226	1	QUB_27F_0226
SH_0846	0		0		0	
SH_0847	0		0		0	
SH_0848	0		0		0	
SH_0849	1	IPO339_58123394_G3	1	QUB_0235	1	QUB_27F_0235
SH_0850	0		0		0	
SH_0851	1	IPO339_58123394_H3	1	QUB_0243	1	QUB_27F_0243
SH_0852	1	IPO339_58123394_A4	1	QUB_0187	1	QUB_27F_0187
SH_0853	1	IPO339_58123394_B4	1	QUB_0196	1	QUB_27F_0196
SH_0854	1	IPO339_58123394_C4	1	QUB_0203	1	QUB_27F_0203
SH_0855	1	IPO339_58123394_D4	1	QUB_0211	1	QUB_27F_0211
SH_0856	1	IPO339_58123394_E4	1	QUB_0218	1	QUB_27F_0218
SH_0857	1	IPO339_58123394_F4	1	QUB_0227	1	QUB_27F_0227
SH_0858	1	IPO339_58123394_G4	1	QUB_0236	1	QUB_27F_0236
SH_0859	1	IPO339_58123394_H4	1	QUB_0244	1	QUB_27F_0244
SH_0860	1	IPO339_58123394_A5	1	QUB_0188	1	QUB_27F_0188
SH_0861	1	IPO339_58123394_B5	0		0	
SH_0862	1	IPO339_58123394_C5	1	QUB_0204	1	QUB_27F_0204
SH_0863	0		0		0	
SH_0864	1	IPO339_58123394_D5	0		0	
SH_0865	0		0		0	
SH_0866	0		0		0	
SH_0867	1	IPO339_58123394_F10	1	QUB_0224	1	QUB_27F_0224
SH_0868	1	IPO339_58123394_C8	1	QUB_0206	1	QUB_27F_0206
SH_0869	0		0		0	
SH_0870	0		0		0	
SH_0871	1	IPO339_58123394_G10	1	QUB_0233	1	QUB_27F_0233
SH_0872	1	IPO339_58123394_D8	1	QUB_0213	1	QUB_27F_0213
SH_0873	1	IPO339_58123394_H10	1	QUB_0241	1	QUB_27F_0241
SH_0874	1	IPO339_58123394_H9	1	QUB_0248	1	QUB_27F_0248
SH_0875	1	IPO339_58123394_E7	1	QUB_0220	1	QUB_27F_0220
SH_0876	3	IPO339_58123394_F7; JTQ751_65947518_65947518; JTQ752_65947525_65947525	1	QUB_0229	1	QUB_27F_0229
SH_0877	3	IPO339_58123394_G7; JTQ690_65946900_65946900; JTQ691_65946917_65946917	1	QUB_0238	1	QUB_27F_0238
SH_0878	3	IPO339_58123394_D9; JTQ753_65947532_65947532; JTQ754_65947549_65947549	1	QUB_0214	1	QUB_27F_0214
SH_0879	1	IPO339_58123394_H7	1	QUB_0246	1	QUB_27F_0246
SH_0880	1	IPO339_58123394_A8	1	QUB_0190	1	QUB_27F_0190
SH_0881	3	IPO339_58123394_B8; JTQ693_65946931_65946931; JTQ724_65947242_65947242	1	QUB_0198	1	QUB_27F_0198
SH_0882	1	IPO339_58123394_G8	0		0	
SH_0883	1	IPO339_58123394_H8	1	QUB_0247	1	QUB_27F_0247
SH_0884	0		0		0	
SH_0885	0		0		0	
SH_0886	0		0		0	
SH_0887	0		0		0	
SH_0888	0		0		0	
SH_0889	0		0		0	
SH_0890	0		0		0	
SH_0891	0		0		0	
SH_0892	0		0		0	
SH_0893	0		0		0	
SH_0894	0		0		0	
SH_0895	0		0		0	
SH_0896	0		0		0	
SH_0897	0		0		0	
SH_0898	0		0		0	
SH_0899	0		0		0	
SH_0900	0		0		0	
SH_0901	0		0		0	
SH_0902	0		0		0	
SH_0903	0		0		0	
SH_0904	0		0		0	
SH_0905	0		0		0	
SH_0906	0		0		0	
SH_0907	0		0		0	
SH_0908	0		0		0	
SH_0909	0		0		0	
SH_0910	0		0		0	
SH_0911	0		0		0	
SH_0912	0		0		0	
SH_0913	0		0		0	
SH_0914	0		0		0	
SH_0915	0		0		0	
SH_0916	0		0		0	
SH_0917	0		0		0	
SH_0918	0		0		0	
SH_0919	0		0		0	
SH_0920	0		0		0	
SH_0921	0		0		0	
SH_0922	0		0		0	
SH_0923	0		0		0	
SH_0924	0		0		0	
SH_0925	0		0		0	
SH_0926	0		0		0	
SH_0927	0		0		0	
SH_0928	0		0		0	
SH_0929	0		0		0	
SH_0930	0		0		0	
SH_0931	0		0		0	
SH_0932	0		0		0	
SH_0933	0		0		0	
SH_0934	0		0		0	
SH_0935	0		0		0	
SH_0936	0		0		0	
SH_0937	0		0		0	
SH_0938	0		0		0	
SH_0939	0		0		0	
SH_0940	0		0		0	
SH_0941	0		0		0	
SH_0942	0		0		0	
SH_0943	0		0		0	
SH_0944	0		0		0	
SH_0945	0		0		0	
SH_0946	0		0		0	
SH_0947	0		0		0	
SH_0948	0		0		0	
SH_0949	0		0		0	
SH_0950	0		0		0	
SH_0951	0		0		0	
SH_0952	0		0		0	
SH_0953	0		0		0	
SH_0954	0		0		0	
SH_0955	0		0		0	
SH_0956	0		0		0	
SH_0957	0		0		0	
SH_0958	0		0		0	
SH_0959	0		0		0	
SH_0960	0		0		0	
SH_0961	0		0		0	
SH_0962	0		0		0	
SH_0963	0		0		0	
SH_0964	0		0		0	
SH_0965	0		0		0	
SH_0966	0		0		0	
SH_0967	0		0		0	
SH_0968	0		0		0	
SH_0969	0		0		0	
SH_0970	0		0		0	
SH_0971	0		0		0	
SH_0972	0		0		0	
SH_0973	0		0		0	
SH_0974	0		0		0	
SH_0975	0		0		0	
SH_0976	0		0		0	
SH_0977	0		0		0	
SH_0978	0		0		0	
SH_0979	0		0		0	
SH_0980	0		0		0	
SH_0981	0		0		0	
SH_0982	0		0		0	
SH_0983	0		0		0	
SH_0984	0		0		0	
SH_0985	0		0		0	
SH_0986	0		0		0	
SH_0987	0		0		0	
SH_0988	0		0		0	
SH_0989	0		0		0	
SH_0990	0		0		0	
SH_0991	0		0		0	
SH_0992	0		0		0	
SH_0993	0		0		0	
SH_0994	0		0		0	
SH_0995	0		0		0	
SH_0996	0		0		0	
SH_0997	0		0		0	
SH_0998	0		0		0	
SH_0999	0		0		0	
SH_1000	0		0		0	
SH_1001	0		0		0	
SH_1002	0		0		0	
SH_1003	0		0		0	
SH_1004	0		0		0	
SH_1005	0		0		0	
SH_1006	0		0		0	
SH_1007	0		0		0	